product_name,product_url
BSKBU100BK �L�[�{�[�h �u���b�N [USB /�L��],https://www.biccamera.com/bc/item/5974566/
K275 �L�[�{�[�h �u���b�N [USB /���C�����X ],https://www.biccamera.com/bc/item/3223280/
SKB-BT25BK �L�[�{�[�h �u���b�N [Bluetooth /���C�����X],https://www.biccamera.com/bc/item/3377294/
BSKBU100WH �L�[�{�[�h �z���C�g [USB /�L��],https://www.biccamera.com/bc/item/5974567/
TM-UKEY108BK �L�[�{�[�h [USB /�L��],https://www.biccamera.com/bc/item/3618080/
3RA-00021 �L�[�{�[�h�@Surface Ergonomic Keyboard [Bluetooth /���C�����X],https://www.biccamera.com/bc/item/3619237/
MK275 ���C�����X�L�[�{�[�h�E�}�E�X Wireless Combo �u���b�N [USB /���C����...,https://www.biccamera.com/bc/item/3223279/
�y�t�@�C�i���t�@���^�W�[XIV�EFigureheads�����z�L���Q�[�~���O�L�[�{�[�h[US...,https://www.biccamera.com/bc/item/3494949/
G-PKB-002 �Q�[�~���O�L�[�{�[�h Logicool G PRO X �u���b�N [USB /�L��],https://www.biccamera.com/bc/item/7368672/
RZ03-02860800-R3J1 �Q�[�~���O�L�[�{�[�h BlackWidow JP [USB /�L��],https://www.biccamera.com/bc/item/6665487/
TK-FDM088TBK �L�[�{�[�h �u���b�N [USB /���C�����X],https://www.biccamera.com/bc/item/3653940/
N9Z-00029 �L�[�{�[�h�@All-in-One Media Keyboard [USB /���C�����X],https://www.biccamera.com/bc/item/3403974/
KX800 �L�[�{�[�h MX KEYS [Bluetooth�EUSB /���C�����X],https://www.biccamera.com/bc/item/7231930/
�y�X�}�z/�^�u���b�g�Ή��z���C�����X �L�[�{�[�h���X�^���h�̃Z�b�g���f�� [B...,https://www.biccamera.com/bc/item/3543160/
G413CB �Q�[�~���O�L�[�{�[�h�@G413 Carbon �J�[�{���F���b�h [USB /�L��],https://www.biccamera.com/bc/item/3664703/
TK-FBP101WH �L�[�{�[�h�@�����^�R���p�N�g �z���C�g [Bluetooth /���C�����X],https://www.biccamera.com/bc/item/4133426/
SKB-L2UBK �L�[�{�[�h �u���b�N [USB /�R�[�h ],https://www.biccamera.com/bc/item/2059798/
���C�����X�L�[�{�[�h�m2.4GHz�EUSB�n�@Logicool Wireless Keyboard�@K270,https://www.biccamera.com/bc/item/1678060/
FKBC91MRL/JB2 �L�[�{�[�h�@�Ԏ� Majestouch Convertible 2 Tenkeyless [Bluet...,https://www.biccamera.com/bc/item/3499840/
K380BL �}���`�f�o�C�X�L�[�{�[�h �u���[ [Bluetooth /���C�����X],https://www.biccamera.com/bc/item/3223277/
�y�X�}�z�^�^�u���b�g�Ή��z���C�����X�L�[�{�[�h�mBluetooth4.0�EAndroid�^iO...,https://www.biccamera.com/bc/item/3362779/
RZ03-02741200-R3J1 �Q�[�~���O�L�[�{�[�h Cynosa Lite JP [USB /�L��],https://www.biccamera.com/bc/item/7996483/
TK-FDP099TBK �L�[�{�[�h�@�R���p�N�g �u���b�N [USB /���C�����X],https://www.biccamera.com/bc/item/4133435/
64629 Apex Pro JP �Q�[�~���O�L�[�{�[�h [USB /�L��],https://www.biccamera.com/bc/item/7247752/
