keyboard,keyboard.1,パンを焼く
"
ロジクール ワイヤレスマウス キーボード セット MK295GP 静音 防水 無線 USB接続 Unifying非対応 MK295 グラファイト 国内正規品 2年間無償保証
","
ロジクール ワイヤレスマウス キーボード セット MK295GP 静音 防水 無線 USB接続 Unifying非対応 MK295 グラファイト 国内正規品 2年間無償保証
","
パンパン、スチールパンパン、非腐食性高温耐性パンを焼くための高品質(Black TG02#A)
"
"
ロジクール ワイヤレスキーボード K360r キーボード ワイヤレス 静音 無線 薄型 小型 テンキー付 Unifying 国内正規品 3年間無償保証
","
ロジクール ワイヤレスキーボード K360r キーボード ワイヤレス 静音 無線 薄型 小型 テンキー付 Unifying 国内正規品 3年間無償保証
","
フランスパンを焼くバゲットを焼くためのプルーフクロス、厚い実用的なパン生地のソファ
"
"
Logicool G ゲーミングキーボード 有線 G910r タクタイル メカニカルキーボード 日本語配列 LIGHTSYNC RGB パームレスト G910 Spectrum 国内正規品
","
Logicool G ゲーミングキーボード 有線 G910r タクタイル メカニカルキーボード 日本語配列 LIGHTSYNC RGB パームレスト G910 Spectrum 国内正規品
","
MumCraft 籐製醗酵カゴ 丸型 天然籐 パン作り パンかご パン作りの小道具 パンかご 調理かご ために プロフェッショナル パン屋 パンを焼く typical incredible
"
"
ロジクール iPad 10.2 インチ 第8世代 第7世代 対応 トラックパッド付き キーボードケース Smart Connector 接続 Combo Touch iK1057BKA 英語配列 薄型 バックライト付き スマートコネクタ 国内正規品 2年間メーカー保証
","
ロジクール iPad 10.2 インチ 第8世代 第7世代 対応 トラックパッド付き キーボードケース Smart Connector 接続 Combo Touch iK1057BKA 英語配列 薄型 バックライト付き スマートコネクタ 国内正規品 2年間メーカー保証
","
ステンレストレー、ノンスティックコーティング汚れにくいパントレー、パンを焼くためのパンを焼く(Black TG02#A)
"
"
ロジクール アドバンスド ワイヤレスキーボード KX800 MX KEYS 充電式 bluetooth Unifying Windows Mac FLOW ワイヤレス 無線 キーボード 国内正規品 2年間無償保証
","
ロジクール アドバンスド ワイヤレスキーボード KX800 MX KEYS 充電式 bluetooth Unifying Windows Mac FLOW ワイヤレス 無線 キーボード 国内正規品 2年間無償保証
","
マーナ(MARNA) トーストスチーマー ホワイト パン型 K713W
"
"
Logicool ロジクール MK245nBK ワイヤレスキーボード ワイヤレスマウス セット 無線 MK245n ソリッドブラック 国内正規品 3年間無償保証
","
Logicool ロジクール MK245nBK ワイヤレスキーボード ワイヤレスマウス セット 無線 MK245n ソリッドブラック 国内正規品 3年間無償保証
","
「ブラフベーカリー」のパンをおうちで焼く
"
"
HHKB Professional HYBRID Type-S 英語配列／墨
","
ロジクール キーボード ワイヤレス 無線 フルサイズ 薄型 テンキー付 耐水 静音設計 USB接続 3年間無償保証ボード Unifying対応レシーバー採用 K270
","
【電子限定版】見習い錬金術師はパンを焼く ～のんびり採取と森の工房生活～ 1 (アリアンローズ)
"
"
エレコム キーボード 有線 メンブレン ブラック TK-FFCM01BK
","
エレコム キーボード 有線 メンブレン ブラック TK-FFCM01BK
","
見習い錬金術師はパンを焼く ~のんびり採取と森の工房生活~ 2 (アリアンローズ)
"
"
ゲーミングキーボード RGB1680万色 8種類LED色変え 3つライティングモード 最大9000万回使用寿命 106キー日本語配列 有線キーボード 25キー防衝突 防水仕様 Windows/Mac OS対応 仕事PC用/自宅ゲーム用 日本語説明書付き メーカー保証
","
ゲーミングキーボード RGB1680万色 8種類LED色変え 3つライティングモード 最大9000万回使用寿命 106キー日本語配列 有線キーボード 25キー防衝突 防水仕様 Windows/Mac OS対応 仕事PC用/自宅ゲーム用 日本語説明書付き メーカー保証
","
和平フレイズ グリルパン 焼く 蒸す 温め直し ランチーニ 角型 17×22cm 蓋付 鉄 RA-9505
"
"
エレコム キーボード 【マウスセット】 ワイヤレス (レシーバー付属) メンブレン フルキーボード 1000万回高耐久 PlayStation4 対応 ブラック TK-FDM063BK
","
エレコム キーボード 【マウスセット】 ワイヤレス (レシーバー付属) メンブレン フルキーボード 1000万回高耐久 PlayStation4 対応 ブラック TK-FDM063BK
","
ヨシカワ ホットサンドメーカー あつあつ シングル フッ素加工 ガス火専用 SJ1681
"
"
Ewin 新型 Bluetoothキーボード 折りたたみ式 157g 超軽量 薄型 レザーカバー 財布型 ワイヤレスキーボード USB 薄型 IOS/Android/Windows に対応 スマホ用 スタンド付 【日本語説明書と18月保証付き】(折りたたみ式, ブラック)
","
Ewin 新型 Bluetoothキーボード 折りたたみ式 157g 超軽量 薄型 レザーカバー 財布型 ワイヤレスキーボード USB 薄型 IOS/Android/Windows に対応 スマホ用 スタンド付 【日本語説明書と18月保証付き】(折りたたみ式, ブラック)
","
和平フレイズ フライパン グリルパン 切り身魚にちょうどいい魚焼きパン こんがり庵 蓋付 ダイヤモンドコート IH対応 KM-9149
"
"
Logicool G PRO X ゲーミングキーボード テンキーレス 有線 GXスイッチ クリッキー 日本語配列 LIGHTSYNC RGB 着脱式ケーブル G-PKB-002 国内正規品
","
Logicool G PRO X ゲーミングキーボード テンキーレス 有線 GXスイッチ クリッキー 日本語配列 LIGHTSYNC RGB 着脱式ケーブル G-PKB-002 国内正規品
","
和平フレイズ 食パンがふっくら美味しく焼ける! トースト スチーマー フランスパン RE-7238 全4種類
"
"
エレコム キーボード ワイヤレス (レシーバー付属) メンブレン 薄型 フルキーボード マウス付 ブラック TK-FDM110MBK
","
エレコム キーボード ワイヤレス (レシーバー付属) メンブレン 薄型 フルキーボード マウス付 ブラック TK-FDM110MBK
","
タイガークラウン パン型 シルバー 95×95×95mm スクエアブレッド型 0.5斤 スチール アルミメッキ スライド蓋 2382
"
"
エレコム トラックボール付キーボード ワイヤレス (レシーバー付属) プレミアムメンブレン キー割り当て リストレスト ブラック TK-TB01DMBK
","
エレコム トラックボール付キーボード ワイヤレス (レシーバー付属) プレミアムメンブレン キー割り当て リストレスト ブラック TK-TB01DMBK
","
アイリスオーヤマ(IRIS OHYAMA) グリルパン ブラック 37.2×22.3×6cm スキレットコート IH対応 SKL-G
"
"
ロジクール iPad iPhone キーボード ポータブル iK1042BKA ブラック Bluetooth 薄型 充電式 iPhoneスタンド付 ワイヤレス 無線 国内正規品 2年間無償保証
","
ロジクール iPad iPhone キーボード ポータブル iK1042BKA ブラック Bluetooth 薄型 充電式 iPhoneスタンド付 ワイヤレス 無線 国内正規品 2年間無償保証
","
和平フレイズ ホットサンドメーカー IH対応 あつほかダイニング AM-9868 & グリルパン 焼く 蒸す 温め直し ランチーニ 丸型 18cm 蓋付 鉄 LR-7753【セット買い】
"
"
iClever キーボード Bluetooth 日本語 JIS配列3台同時接続可能 テンキー付きフルサイズ 超薄型 ワイヤレス キーボード 静音設計 充電式 18月間無償保証 ラップトップ PC iPad用Windows Mac iOS Android対応 ブラックIC-BK22
","
iClever キーボード Bluetooth 日本語 JIS配列3台同時接続可能 テンキー付きフルサイズ 超薄型 ワイヤレス キーボード 静音設計 充電式 18月間無償保証 ラップトップ PC iPad用Windows Mac iOS Android対応 ブラックIC-BK22
","
パンと野菜のセラミック網 焼きあみ 餅 トースト 遠赤外線効果 バーベキュー キャンプ アウトドア コンロでも使える 約23×22.5×5cm
"
"
Logicool G PRO X ゲーミングキーボード テンキーレス 有線 GXスイッチ クリッキー 日本語配列 LIGHTSYNC RGB 着脱式ケーブル G-PKB-002 国内正規品
","
NPET ゲーミングキーボード LED バックライト 7色 防水 usb 26キー防衝突 キーボード 角度調節可能 2年間無償品質保証 キーキャッププーラー付き K10 更新版 (日本語配列(106キー))
","
和平フレイズ フライパン 鍋 焼く 茹でる 煮る 揚げる スーパーディープパン メガフッカ 20cm ワインレッド IH対応 クイックマーブル ふっ素樹脂加工 MR-8145
"
"
ロジクール ワイヤレスキーボード 無線 キーボード 薄型 小型 K380BK Bluetooth K380 ワイヤレス マルチOS: Windows Mac iOS Android Chrome
","
Anker ウルトラスリム Bluetooth ワイヤレスキーボード iOS/Android/Mac/Windows対応/長時間稼働 ホワイト テレワーク リモート 在宅勤務
","
いちばんくわしい パン事典
"
"
レノボ・ジャパン ThinkPad トラックポイント・キーボード - 日本語 0B47208
","
エレコム キーボード 有線 メンブレン ブラック TK-FFCM01BK
","
パール金属 日本製 グリルパン ブラック 25 × 17 ㎝ 鉄製 蓋 ハンドル 簡単 レシピ付 角型 ウェーブ ラクッキング HB-3994
"
"
ゲーミングキーボード 有線 106キー日本語配列 25キー防衝突 PC用キーボード RGB1680万色 6種類LED色変え 仕事用/ゲーム用 防水仕様 Windows/Mac OS対応 在宅勤務 日本語説明書付き【一年間品質保証】HOKONUI
","
ロジクール アドバンスド ワイヤレス イルミネイテッド キーボード KX800M MX KEYS for Mac 充電式 US配列 bluetooth Unifying iPad 無線 ワイヤレスキーボード 薄型 KX800 スペースグレー 国内正規品 2年間無償保証
","
楽健寺酵母でパンを焼く―りんご+にんじん+長いも+ごはんで天然酵母
"
"
ロジクール アドバンスド ワイヤレス イルミネイテッド キーボード KX800M MX KEYS for Mac 充電式 US配列 bluetooth Unifying iPad 無線 ワイヤレスキーボード 薄型 KX800 スペースグレー 国内正規品 2年間無償保証
","
Logicool G PRO X ゲーミングキーボード テンキーレス 有線 GXスイッチ クリッキー 日本語配列 LIGHTSYNC RGB 着脱式ケーブル G-PKB-002 国内正規品
","
富士ホーロー ベイクウェア 食パン焼型 1斤 57287
"
"
Ewin 新型 Bluetoothキーボード 折りたたみ式 157g 超軽量 薄型 レザーカバー 財布型 ワイヤレスキーボード USB 薄型 IOS/Android/Windows に対応 スマホ用 スタンド付 【日本語説明書と18月保証付き】(折りたたみ式, ブラック)
","
Logicool G ゲーミングキーボード 有線 G213 パームレスト 日本語配列 メンブレン キーボード 静音  LIGHTSYNC RGB  国内正規品
","
自家製酵母でパンを焼く―四季おりおり
"
"
Magic Keyboard - 英語（US)
","
ロジクール ワイヤレスキーボード 無線 キーボード 薄型 小型 K380BK Bluetooth K380 ワイヤレス マルチOS: Windows Mac iOS Android Chrome
","
スケーター 電子レンジ用 パンウォーマー カフェ KWAP7 16×20×6cm
"
"
[iPad 10.2/10.5通用]Ewin® 新型 iPad キーボード ケース タッチパッド付き 一体式Bluetoothキーボード 超薄型 ipad 第７世代 ipad 第８世代 10.2 ipad pro 10.5 ipad air3 10.5対応 ワイヤレスキーボード pencil収納 日本語説明書付き (ブラック)
","
サンワサプライ 有線USBキーボード 標準日本語配列 メンブレン ブラック SKB-L1UBK
","
「バーミキュラ」でパンを焼く
"
"
Razer BlackWidow Lite JP Mercury White メカニカルキーボード 静音 オレンジ軸 テンキーレス 日本語配列 【日本正規代理店保証品】 RZ03-02640800-R3J1
","
ゲーミングキーボード 有線 106キー日本語配列 25キー防衝突 PC用キーボード RGB1680万色 6種類LED色変え 仕事用/ゲーム用 防水仕様 Windows/Mac OS対応 在宅勤務 日本語説明書付き【一年間品質保証】HOKONUI
","
タッチスクリーン温度計折りたたみ式インスタント読み取り温度計プローブデジタルバーベキュー温度計タイミング機能付きキッチン調理アクセサリーグリル/フライ/パンを焼く/牛肉を作る
"
"
Ewin® 最新型 iPad 10.2/10.5 キーボードケース 第7世代 2019モデル bluetoothキーボード ワイヤレス タッチパッド搭載 ロック可能 脱着式 JIS基準日本語配列 2台のiOSデバイス切り替え可能 ipad air3 ipad pro スマホ アイパッド 全面保護 軽量 オートスリープ keyboard スタンド機能付き 一年間安心保証付き 日本語説明書 ブラック
","
Ewin® 最新型 iPad 10.2/10.5 キーボードケース 第7世代 2019モデル bluetoothキーボード ワイヤレス タッチパッド搭載 ロック可能 脱着式 JIS基準日本語配列 2台のiOSデバイス切り替え可能 ipad air3 ipad pro スマホ アイパッド 全面保護 軽量 オートスリープ keyboard スタンド機能付き 一年間安心保証付き 日本語説明書 ブラック
","
2枚セット 大きいサイズクッキングマット シート シリコン 製菓マット道具 目盛り付き 71×51cm マカロン/パン/クッキー/ピザ ベーキングマット キッチン 調理 耐熱 テーブルマット
"
"
HOKONUI ゲーミングキーボード 標準日本語配列 106キー メカニカルな触感 RGB1680万色 6種類LED色変え LEDバックライト 仕事用 ゲーム 防水 25キー防衝突 USBキーボード 有線 G38 (ZK-G038)
","
HOKONUI ゲーミングキーボード 標準日本語配列 106キー メカニカルな触感 RGB1680万色 6種類LED色変え LEDバックライト 仕事用 ゲーム 防水 25キー防衝突 USBキーボード 有線 G38 (ZK-G038)
","
月を見てパンを焼く 丹波の山奥に5年先まで予約の取れないパン屋が生まれた理由
"
"
BFRIENDit 有線ＵＳＢキーボード 使いやすいフローティングキー 静音設計 高耐久性 極薄 ＰＣ用キーボード Windows 10/8 / 7 / Vista対応 KB1430 – オレンジ … …
","
BFRIENDit 有線ＵＳＢキーボード 使いやすいフローティングキー 静音設計 高耐久性 極薄 ＰＣ用キーボード Windows 10/8 / 7 / Vista対応 KB1430 – オレンジ … …
","
イシガキ産業 スキレット グリルパン18cm 3967
"
"
【マルチペアリング】jp配列 Ewin キーボード ワイヤレス bluetooth 小型 静音 超薄型 軽量 スリム コンパクト us配列 日本語 jis配列 かな入力 ブルートゥース pc ノート パソコン アイ パッド iphone ipad スマホ タブレット surface thinkpad mac ios android Windows など対応 日本語説明書 テレワーク リモート 在宅勤務 在宅 ワーク ホワイト
","
HHKB Professional HYBRID Type-S 英語配列／墨
","
下村企販 グリルパン カリふわっトースターパン フッ素加工 グリルdeクック 日本製 38293
"
"
PFU Happy Hacking Keyboard Lite2 for Mac 日本語配列かな印字なし USBキーボード Mac専用モデル ホワイト PD-KB220MA
","
Razer BlackWidow Lite JP Mercury White メカニカルキーボード 静音 オレンジ軸 テンキーレス 日本語配列 【日本正規代理店保証品】 RZ03-02640800-R3J1
","
アネスティカンパニー スチーマー フランスパン karari スチーム マジック 珪藻土 お手軽 簡単 トースト 外はサクッと 中はふんわり 仕上がる
"
"
METIS メカニカルキーボード 機械式 ゲーミングキーボード 61キー Bluetooth 無線 USB 有線 青軸 防水 充電式 LEDバックライト オフィス/ゲーミング用 英語配列 日本語取扱説明書 (61キー, 白色)
","
レノボ・ジャパン ThinkPad トラックポイント・キーボード - 日本語 0B47208
","
和平フレイズ フライパン グリルパン 魚焼き ステーキ マローネシェフ 22×32cm ガス火専用 蓋付 ダイヤモンドコート MM-9541
"
"
iClever キーボードワイヤレスキーボードマウスセット日本語配列 静音 超薄型 テンキー付き 無線2.4G キーボード マウス3段調節可能DPI 充電式 フルサイズ パソコンPC多機能対応Windows対応 Mac対応 シルバーホワイト
","
エレコム キーボード 有線 メンブレン コンパクトキーボード ブラック TK-FCM103XBK
","
万年(Mannen) 焼き網 炙り焼 個食向け (150×150mm) QYK6101
"
"
ロジクール iPad iPhone キーボード ポータブル iK1042BKA ブラック Bluetooth 薄型 充電式 iPhoneスタンド付 ワイヤレス 無線 国内正規品 2年間無償保証
","
ロジクール 有線 キーボード 耐水 静音設計 K120 USB接続 テンキーあり 薄型 3年間無償保証
","
岩鋳 Iwachu グリルパン木柄付 黒焼付 内径24.5cm IH対応 南部鉄器 23029
"
"
Romu ゲーミングキーボード 有線 106キー日本語配列 25キー防衝突 PC用キーボード RGB1680万色 6種類LED色変え 仕事用/ゲーム用 防水仕様 在宅勤務 Windows/Mac OS対応 日本語説明書付き【一年間品質保証】 (ブラック)
","
MOBO 折りたたみ型 Bluetooth 日本語配列 キーボード【 ブラック 】専用ケース兼スタンド付き 「 MOBO Keyboard 」 AM-KTF83J-GB
","
J-オイルミルズ PRO プレミアバターフレーバーオイル 業務用 1350g
"
"
ロジクール iPad 10.2 インチ 第8世代 第7世代 対応 トラックパッド付き キーボードケース Smart Connector 接続 Combo Touch iK1057BKA 英語配列 薄型 バックライト付き スマートコネクタ 国内正規品 2年間メーカー保証
","
Apple Magic Keyboard - 日本語(JIS)
","
和平フレイズ 深型フライパン スーパーディープパン 20cm 炒める 煮る 焼く 茹でる 揚げる ガス火専用 ディーピー RA-9719
"
"
Razer Huntsman Tournament Edition - Linear Optical Switch ゲーミングキーボード 英語US配列 超高速1.0mm作動 リニア触感 テンキーレス【日本正規代理店保証品】 RZ03-03080100-R3M1
","
Logicool G ゲーミングキーボード 有線 G512 GXスイッチ クリッキー メカニカルキーボード 日本語配列 LIGHTSYNC RGB G512-CK 国内正規品
","
パール金属 ラクッキング 角型 グリルパン 25×17cm用アミ HB-1610
"
"
Apple Smart Keyboard (iPad- 第8世代・iPad Air- 第3世代) - 日本語(JIS)
","
Redvive PCコンピュータ用の新しいN518パンクロボット有線キーボードとマウスセットラウンドキーキャップ ゲーミングマウス 小型 静音 高精度
","
パン　オ　ショコラ　クロワッサン　12個　高級　フランス産　約30ｇ×12個　冷凍生地　冷凍パン 　レシピ付き
"
"
ロジクール キーボード ワイヤレス 無線 フルサイズ 薄型 テンキー付 耐水 静音設計 USB接続 3年間無償保証ボード Unifying対応レシーバー採用 K270
","
ロジクール iPad 10.2 インチ 第8世代 第7世代 対応 トラックパッド付き キーボードケース Smart Connector 接続 Combo Touch iK1057BKA 英語配列 薄型 バックライト付き スマートコネクタ 国内正規品 2年間メーカー保証
","
15分でいただきます! Mizukiの2品献立
"
"
エレコム キーボード 有線 メンブレン ブラック TK-FFCM01BK
","
SEENDA ワイヤレスキーボード マウスセット 日本語配列 静音 2.4G 無線キーボードマウス 3段調節可能DPI 充電式 フルサイズ Windows対応 スペースグレー
","
和平フレイズ フライパン 煮る 焼く 炊く 蒸す 茹でる 炒める 揚げる 多機能パン オーヴェルII IH対応 クイックマーブル ふっ素樹脂加工 レシピ付 EM-9735
"
"
BFRIENDit 有線ＵＳＢキーボード 使いやすいフローティングキー 静音設計 高耐久性 極薄 ＰＣ用キーボード Windows 10/8 / 7 / Vista対応 KB1430 – ホワイト …
","
Logicool G ゲーミングマウス 無線 G603 HEROセンサー LIGHTSPEED ワイヤレス Bluetooth 接続対応 国内正規品
","
無水鍋で焼くおいしいパン
"
"
ゲーミングキーボード 有線 usb有線キーボード Windows/Mac OS対応 PC対応 25キー防衝突 106キー日本語配列 1680万色RGBバックライト 日本語説明書付き 防水 耐久性あり 6種類LED色変え 一年間メーカー保証(ブラック)
","
ゲーミングキーボード 有線 usb有線キーボード Windows/Mac OS対応 PC対応 25キー防衝突 106キー日本語配列 1680万色RGBバックライト 日本語説明書付き 防水 耐久性あり 6種類LED色変え 一年間メーカー保証(ブラック)
","
オークス 日本製 グリルパン IH対応 ウチクック スチームグリル ガラスカバー レッド UCS16RD
"
"
Ewin キーボード ワイヤレス bluetooth 小型 キーボード JIS基準 日本語配列 ios android Windows mac多システム対応 iphone ipad パソコン スマホ タブレット 三つデバイス自由に切替え 軽量 超薄型 一年間安心保証付き 日本語説明書 ブラック
","
ROCCAT VULCAN 120 AIMO RGB MECHANICA L GAMING KEYBOARD (正規保証品) ROC-12-441-BN
","
cotta(コッタ) cotta シルパン(240×360) 87677
"
"
Matias Wired Aluminum keyboard USB接続 MAC配列/日本語カナあり 有線タイプ シルバー/ホワイト FK318S-JP
","
Ewin キーボード ワイヤレス bluetooth 小型 キーボード JIS基準 日本語配列 ios android Windows mac多システム対応 iphone ipad パソコン スマホ タブレット 三つデバイス自由に切替え 軽量 超薄型 一年間安心保証付き 日本語説明書 ブラック
","
タイガークラウン パン型 シルバー 120×228×117mm フタ付パン焼アルスター1.5斤 アルミメッキ スライド蓋 1661
"
"
Ewin@ Bluetooth ワイヤレス キーボード 超薄型 4種システム対応 Windows·Android·iOS·Mac適用 3台デバイスまでマルチペアリング可能 JIS基準日本語配列 日本語説明書付き (ブラック/Black)
","
ワイヤレス キーボード マウス セット 2.4GHz無線配列 USB充電 薄型設計 自動スタンバイ機能備え MAC OS、Windows10/8.1/7/XP/Vista、Linux、PS4、スマートTV対応
","
Guimaraes&Rosa(ギマランイスイホーザ) ポルトガル伝統パン焼きトースター(ガスコンロ、ガス火用)
"
"
Apple Magic Keyboard （MLA22LL/A）+タッチパッド2 MJ2R2LL/A+Bluetoothマウス専用保護収納ケース-Hermitshell
","
METIS メカニカルキーボード 機械式 ゲーミングキーボード 61キー Bluetooth 無線 USB 有線 青軸 防水 充電式 LEDバックライト オフィス/ゲーミング用 英語配列 日本語取扱説明書 (61キー, 白色)
","
リロ氏のソロキャンレシピ (ホットサンドメーカーに挟んで焼くだけ!)
"
"
SEENDA ワイヤレスキーボード 2.4G 無線 充電式 静音 超薄 日本語配列 テンキー付きWindows 対応（スペースグレイ ）
","
ROCCAT Vulcan 122 AIMO RGB メカニカルゲーミングキーボード JP 日本語配列モデル 静音 リニア(赤軸相当) 国内正規品 ホワイト ドイツデザイン ROC-12-956-RD
","
ティファール(T-fal) フレンチカフェ フレンチパン 27cm B67711
"
"
Anker ウルトラスリム Bluetooth ワイヤレスキーボード iOS/Android/Mac/Windows対応/長時間稼働 ホワイト テレワーク リモート 在宅勤務
","
ゲーミングキーボード 有線 usb有線キーボード Windows/Mac OS対応 PC対応 25キー防衝突 106キー日本語配列 1680万色RGBバックライト 日本語説明書付き 防水 耐久性あり 6種類LED色変え 一年間メーカー保証(ブラック)
","
遠藤商事 パン型 業務用 新型食パン 蓋付 5cm アルスター 日本製 WSY1801
"
"
NPET ゲーミングキーボード LED バックライト 7色 防水 usb 26キー防衝突 キーボード 角度調節可能 2年間無償品質保証 キーキャッププーラー付き K10 更新版 (日本語配列(106キー))
","
マイクロソフト キーボード ワイヤレス/人間工学デザイン Sculpt Ergonomic Keyboard for Business USB Port 5KV-00006
","
ヨーグルト酵母でパンを焼く。 自然発酵種「るゔぁん」でもっと味わい深いパンを!
"
"
ゲーミング キーボード マウス セット 日本語説明書付き RGB 片手ゲーミングキーボード メカニカル感触 ゲーミングマウス 最大6400DPI 光学式 USB有線 Fotomus
","
Logicool G ゲーミングキーボード 有線 G610BL 日本語配列 青軸 メカニカルキーボード 専用メディアコントロール カスタムボタンマクロ 国内正規品
","
パール金属 ラクッキング 鉄製 蓋 ・ ハンドル 付 丸型 グリルパン 16cm 【日本製】HB-1951
"
"
Logicool G ゲーミングキーボード 有線 G213 パームレスト 日本語配列 メンブレン キーボード 静音  LIGHTSYNC RGB  国内正規品
","
BUFFALO USB接続 有線スタンダードキーボード ブラック BSKBU105BK【Windows/PS4/Nintendo Switch対応】
","
Happycall 両面焼きフライパン 直火用 ミニサイズ マブルコート ハッピーコール ホットクッカーグルメパン ブラウン
"
"
Logicool G ゲーミングマウス 有線 G203 ホワイト LIGHTSYNC RGB 6個プログラムボタン 85g軽量 G203-WH 国内正規品
","
ワイヤレス(2.4GHz)ミニキーボード 日本語JIS配列 タッチパッド搭載 USB充電式 マウスセット一体型 Ewin mini Wireless keyboard 多機能ボタン 無線 USB レシーバー付き 接続簡単!PC/Amazon fire TV/PS3/PS4/PS4 Pro/HTPC/IPTV/Android TVボックス等対応 【日本語説明書と1年保証付き】
","
「ストウブ」で、こだわりパン
"
"
ロジクール ワイヤレスキーボード K480WH Bluetooth キーボード ワイヤレス 無線 Windows Mac iOS Android Chrome K480 ホワイト 国内正規品 2年間無償保証
","
【令和2020最新版】キーボード Bluetooth 折りたたみ式 タッチパッド搭載 軽量 薄型 コンパクト 機能キー 省エネ ワイヤレスキーボード 64キー英文字配列 iphone/Android/Windows/Mac/iOS/iPadOS 13.1以降対応 スマホ用 USB充電
","
トースターパン スクエア レッド A-76232
"
"
マイクロソフト Surface Pro タイプカバー ブラック FMM-00019　日本語キーボード
","
[iPad 10.2/10.5通用]Ewin® 新型 iPad キーボード ケース タッチパッド付き 一体式Bluetoothキーボード 超薄型 ipad 第７世代 ipad 第８世代 10.2 ipad pro 10.5 ipad air3 10.5対応 ワイヤレスキーボード pencil収納 日本語説明書付き (ブラック)
","
パール金属 グリルパン蓋 角型用 ラクッキング 日本製 HB-996
"
"
moshi Clearguard Air 13 Magic Keyboard (JIS) [日本語配列キーボード用] キーボードカバー (2020年発売のMacBook Air用(2019年以前のモデルには非対応))(製品登録で10年グローバル保証)
","
HAVIT ゲーミングキーボード LED バックライト有線 キーボード ゲームキーボードとマウスセット 日本語配列 HV-KB558CM(黒い)
","
耐熱ミトン オーブンミトン Ankway 鍋つかみ 耐熱グローブ オーブングローブ300℃耐熱 やけど防止 滑り止め シリコン製 汚れが目立たず 耐久性 コンベクション 電子レンジ オーブンレンジ ケーキを焼く 鍋料理 ホームベーカリー オーブン料理 グリル グリラー バーベキュー （ミトン + コースター 2枚セット + ギフト包装）
"
"
ロジクール iPad Pro 11 インチ 第1世代 第2世代 対応 Bluetooth キーボード 英語配列 薄型 ケース 一体型 iK1174A バックライト付 国内正規品 2年間メーカー保証
","
ロジクール ワイヤレスマウス キーボード セット 無線 ワイヤレスコンボ MK345 国内正規品 2年間無償保証
","
ルクエ(Lekue) パン型 ブラウン スパチュラ バゲット型 セット ブレッドメーカー Lekue
"
"
ESC コンピューターキーボードスタンド & ノートパソコンスタンド – 調節可能な人間工学的角度/傾斜 – 2サイズのスタンド付属 – ほとんどのキーボードに対応 – 再配置可能なマイクログリップパッド (キーボードは含まれていません)(正規輸入品)
","
ロジクール キーボード ワイヤレス 無線 KX1000s bluetooth CRAFT Unifying Windows Mac ワイヤレスキーボード 薄型 国内正規品 2年間無償保証
","
CHEFMADE 食パン 型 パン型 フタ付き 波紋型 パン焼 ベイクウェア 粘りにくい食パンケース
"
"
サンワサプライ 有線USBキーボード 標準日本語配列 メンブレン ブラック SKB-L1UBK
","
ロジクール K840 メカニカルキーボード 108フルキー ROMER-G 26キー ロールオーバー　アルミニウム キーボード USB 有線　国内正規品 2年間無償保証
","
ルクエ(Lekue) 電子レンジ調理用品 電子レンジ グリル調理 レシピ付き マイクロウェーブグリル Lekue
"
"
MOBO 折りたたみ型 Bluetooth 日本語配列 キーボード【 ブラック 】専用ケース兼スタンド付き 「 MOBO Keyboard 」 AM-KTF83J-GB
","
Arteck 2.4G ワイヤレスキーボード 無線ステンレススチール 軽量 フルサイズキーボード テンキー付き コンピューター、デスクトップ、PC、ラップトップ、Surface、スマートテレビ、Windows10/8/7、Vista、XPとの交換性あり 充電式電池内蔵
","
タイガークラウン パン型 シルバー 1斤 パン焼角型 フタ付 2397
"
"
Apple Magic Keyboard (11インチiPad Pro - 第1世代と第2世代) - 日本語(JIS)
","
Corsair K95 RGB PLATINUM MX Speed 日本語ゲーミングキーボード [Cherry MX Speedキースイッチ採用] KB390 CH-9127014-JP
","
下村企販 グリルパン モーニングパン フッ素加工 グリルdeクック 日本製 38295
"
"
Macally ACEKEY-US ultraslim USB-A Keyboard for Mac US QWERTY Key Cap Layout
","
Riitekゲーミングキーボード マウス セット ゲーミングキーボード PS4キーボード 109日本語配列 4階段DPI ゲーミングマウス カラフルLEDバックライト19キー防衝突 仕事用/ゲーム用/オフィス/パソコン用キーボード防水仕様 PS4、Windows/Mac OS/VISTA/XLinuxなどシステムに対応 日本語説明書付き RK400【一年間品質保証】
","
下村企販 お好み焼き・ホットケーキパン IH対応 鉄エンボス加工 日本製 36469
"
"
Bluetooth キーボード スタンド一体 マルチデバイス ワイヤレス キーボード 英語US配列ワイヤレス 無線 パンタグラフ式 丸型キー 薄型 キーボード PC･タブレット･スマホ用Windows/Mac/iOS/Android対応/長時間稼働 ホワイト テレワーク リモート 在宅勤務【日本語取扱説明書と、 バッテリー付き】 (ピンク色.)
","
Ewin 新型 Bluetoothキーボード 折りたたみ式 157g 超軽量 薄型 レザーカバー 財布型 ワイヤレスキーボード USB 薄型 IOS/Android/Windows に対応 スマホ用 スタンド付 【日本語説明書と18月保証付き】(折りたたみ式, ブラック)
","
リロ氏のソロキャンレシピ (ホットサンドメーカーに挟んで焼くだけ!)
"
"
エレコム キーボード 有線 メンブレン コンパクトキーボード ブラック TK-FCM103XBK
","
eMedia eメディア Piano for Dummies 61-Key Keyboard Starter Pack【並行輸入品】
","
和平フレイズ キャンプにも使える!取っ手が折れてコンパクトに持ち運びできる ミルクパン14cm IH・ガス対応 RA-9408 オーレル 全3種類
"
"
Logicool G ゲーミングキーボード 有線 G512 GXスイッチ クリッキー メカニカルキーボード 日本語配列 LIGHTSYNC RGB G512-CK 国内正規品
","
数字入力キーパッド＆マウス セット, 2.4Ｇ 無線 22キー ワイヤレス テンキーボード マウスセット 静音 数字キーパッド ラップトップ/PCに対応、 ただ一つのUSBで対応可能
","
パール金属 ラクッキング 角型 グリルパン 25×17cm用アミ HB-1610
"
"
SEENDA ワイヤレスキーボード マウスセット 日本語配列 静音 2.4G 無線キーボードマウス 3段調節可能DPI 充電式 フルサイズ Windows対応 スペースグレー
","
iClever キーボードワイヤレスキーボードマウスセット日本語配列 静音 超薄型 テンキー付き 無線2.4G キーボード マウス3段調節可能DPI 充電式 フルサイズ パソコンPC多機能対応Windows対応 Mac対応 シルバーホワイト
","
「ストウブ」で、こだわりパン
"
"
BUFFALO USB接続 有線スタンダードキーボード ブラック BSKBU105BK【Windows/PS4/Nintendo Switch対応】
","
Riitekゲーミングキーボード有線 PS4キーボード 106キー日本語配列 PC用キーボード マルチカラーレインボーLEDバックライト 19キー防衝突 仕事用/ゲーム用/オフィス/パソコン用キーボード防水仕様 Windows/Mac OS/VISTA/XLinuxなどシステムに対応 日本語説明書付き【一年間品質保証】 ブラック
","
鍋つかみ 耐熱ミトン 6個セット キッチンミトン なべしき付き 断熱オーブンミトン 耐熱温度260℃ 耐熱防水 滑り止め 厚手 柔軟 手保護手袋 熱くない バーベキュー用
"
"
Apple Magic Keyboard (12.9インチiPad Pro - 第3世代と第4世代) - 日本語(JIS)
","
iClever キーボード Bluetooth 日本語 JIS配列3台同時接続可能 テンキー付きフルサイズ 超薄型 ワイヤレス キーボード 静音設計 充電式 18月間無償保証 ラップトップ PC iPad用Windows Mac iOS Android対応 IC-BK22 シルバー
","
MIDORIA パン切りナイフ 刃渡り190mm パン切り包丁 オールステンレス鋼 パンナイフ 一体型 ブレッド包丁 片刃 パンカットナイフ 波刃 ブレッドナイフ 切れ味抜群 家庭用 業務用 パンスライサー 食器洗い乾燥機対応 パンきり包丁
"
"
エレコム キーボード 【マウスセット】 ワイヤレス (レシーバー付属) メンブレン フルキーボード 1000万回高耐久 PlayStation4 対応 ブラック TK-FDM063BK
","
BUFFALO ワイヤレス 無線 フルキーボード 静音マウス セット 高耐久 電池長持ち リモート テレワーク 疲れにくいデザイン 簡単接続 安心サポート BSKBW125SBK
","
イシガキ産業 スキレット グリルパン18cm 3967
"
"
Kensington ErgoSoft リストレストfor Keyboard (スタンダード) K52799JP
","
Kensington ErgoSoft リストレストfor Keyboard (スタンダード) K52799JP
","
冷凍パン生地 ヘリテージ ミニクロワッサン フランス産 解凍・発酵不要 30g×20
"
"
【Ewin】ミニ bluetooth キーボード Mini Bluetooth keyboard タッチパッドを搭載 バックライト付き　小型キーボード マウス 一体型 無線 USB レシーバー付き ブラック【日本語説明書付き】
","
Matias Wired Aluminum keyboard USB接続 MAC配列/日本語カナあり 有線タイプ シルバー/ホワイト FK318S-JP
","
ビタクラフト IH対応 グリルイングリル シルバー 3901
"
"
ロジクール ワイヤレスキーボード K360r キーボード ワイヤレス 静音 無線 薄型 小型 テンキー付 Unifying 国内正規品 3年間無償保証
","
ロジクール ワイヤレスキーボード K360r キーボード ワイヤレス 静音 無線 薄型 小型 テンキー付 Unifying 国内正規品 3年間無償保証
","
休日が楽しみになる昼ごはん
"
"
ロジクール ワイヤレスマウス キーボード セット MK295GP 静音 防水 無線 USB接続 Unifying非対応 MK295 グラファイト 国内正規品 2年間無償保証
","
ロジクール ワイヤレスマウス キーボード セット MK295GP 静音 防水 無線 USB接続 Unifying非対応 MK295 グラファイト 国内正規品 2年間無償保証
","
トルネ フライパン アンパンマン ホットケーキパン 2431330
"
"
ロジクール iPad 10.2 インチ 第8世代 第7世代 対応 トラックパッド付き キーボードケース Smart Connector 接続 Combo Touch iK1057BKA 英語配列 薄型 バックライト付き スマートコネクタ 国内正規品 2年間メーカー保証
","
ロジクール iPad 10.2 インチ 第8世代 第7世代 対応 トラックパッド付き キーボードケース Smart Connector 接続 Combo Touch iK1057BKA 英語配列 薄型 バックライト付き スマートコネクタ 国内正規品 2年間メーカー保証
","
クッキングマット シリコンマット 40×50㎝ 大きいサイズ 製菓マット パンマット 目盛り付きマット 食品級シリコーン 滑り止め 調理 製菓道具
"
"
Logicool G ゲーミングキーボード 有線 G910r タクタイル メカニカルキーボード 日本語配列 LIGHTSYNC RGB パームレスト G910 Spectrum 国内正規品
","
Logicool G ゲーミングキーボード 有線 G910r タクタイル メカニカルキーボード 日本語配列 LIGHTSYNC RGB パームレスト G910 Spectrum 国内正規品
","
葛恵子のトースタークッキング専用 トースターパン ブラウン 76010
"
"
サンワサプライ USBスリムキーボード パンタグラフ テンキー無し ブラック SKB-SL18BKN
","
サンワサプライ USBスリムキーボード パンタグラフ テンキー無し ブラック SKB-SL18BKN
","
オークス 日本製 グリルパン IH対応 ウチクック スチームグリル ガラスカバー ブラック UCS16BK
"
"
在宅勤務 テレワーク mac キーボード 有線 コンパクト サイズ US配列 mac Windows兼用 静音性に優れたシザースイッチ（パンタグラフ) フルサイズ78キー (SLIMKEYCA)
","
在宅勤務 テレワーク mac キーボード 有線 コンパクト サイズ US配列 mac Windows兼用 静音性に優れたシザースイッチ（パンタグラフ) フルサイズ78キー (SLIMKEYCA)
","
Best Fire 卵リング 4個セット 目玉焼きリング 卵オムレツ 卵フライヤー ステンレス製 目玉焼きの金型 ハンドル付け パンケーキ お菓子作り ケーキリング キッチン用品 キャラ弁当 簡単使い 収納便利 可愛い
"
"
iClever キーボード Bluetooth 日本語 JIS配列3台同時接続可能 テンキー付きフルサイズ 超薄型 ワイヤレス キーボード 静音設計 充電式 18月間無償保証 ラップトップ PC iPad用Windows Mac iOS Android対応 IC-BK22 シルバー
","
iClever キーボード Bluetooth 日本語 JIS配列3台同時接続可能 テンキー付きフルサイズ 超薄型 ワイヤレス キーボード 静音設計 充電式 18月間無償保証 ラップトップ PC iPad用Windows Mac iOS Android対応 IC-BK22 シルバー
","
cotta(コッタ) cotta シルパン(240×360) 87677
"
"
エレコム キーボード 【マウスセット】 ワイヤレス (レシーバー付属) メンブレン フルキーボード 1000万回高耐久 PlayStation4 対応 ブラック TK-FDM063BK
","
エレコム キーボード 【マウスセット】 ワイヤレス (レシーバー付属) メンブレン フルキーボード 1000万回高耐久 PlayStation4 対応 ブラック TK-FDM063BK
","
スチーム トーストメーカー ブラウン
"
"
Ewin® 最新型 iPad 10.2/10.5 キーボードケース 第7世代 2019モデル bluetoothキーボード ワイヤレス タッチパッド搭載 ロック可能 脱着式 JIS基準日本語配列 2台のiOSデバイス切り替え可能 ipad air3 ipad pro スマホ アイパッド 全面保護 軽量 オートスリープ keyboard スタンド機能付き 一年間安心保証付き 日本語説明書 ブラック
","
Ewin® 最新型 iPad 10.2/10.5 キーボードケース 第7世代 2019モデル bluetoothキーボード ワイヤレス タッチパッド搭載 ロック可能 脱着式 JIS基準日本語配列 2台のiOSデバイス切り替え可能 ipad air3 ipad pro スマホ アイパッド 全面保護 軽量 オートスリープ keyboard スタンド機能付き 一年間安心保証付き 日本語説明書 ブラック
","
タッチスクリーン温度計折りたたみ式インスタント読み取り温度計プローブデジタルバーベキュー温度計タイミング機能付きキッチン調理アクセサリーグリル/フライ/パンを焼く/牛肉を作る
"
"
【マルチペアリング】jp配列 Ewin キーボード ワイヤレス bluetooth 小型 静音 超薄型 軽量 スリム コンパクト us配列 日本語 jis配列 かな入力 ブルートゥース pc ノート パソコン アイ パッド iphone ipad スマホ タブレット surface thinkpad mac ios android Windows など対応 日本語説明書 テレワーク リモート 在宅勤務 在宅 ワーク ホワイト
","
【マルチペアリング】jp配列 Ewin キーボード ワイヤレス bluetooth 小型 静音 超薄型 軽量 スリム コンパクト us配列 日本語 jis配列 かな入力 ブルートゥース pc ノート パソコン アイ パッド iphone ipad スマホ タブレット surface thinkpad mac ios android Windows など対応 日本語説明書 テレワーク リモート 在宅勤務 在宅 ワーク ホワイト
","
MumCraft 籐製醗酵カゴ 丸型 天然籐 パン作り パンかご パン作りの小道具 パンかご 調理かご ために プロフェッショナル パン屋 パンを焼く typical incredible
"
"
Razer BlackWidow Elite JP Green Switch メカニカル ゲーミングキーボード 日本語配列 【日本正規代理店保証品】 RZ03-02620800-R3J1 ブラック
","
Razer BlackWidow Elite JP Green Switch メカニカル ゲーミングキーボード 日本語配列 【日本正規代理店保証品】 RZ03-02620800-R3J1 ブラック
","
フランスパンを焼くバゲットを焼くためのプルーフクロス、厚い実用的なパン生地のソファ
"
"
ロジクール ワイヤレスキーボード K360r キーボード ワイヤレス 静音 無線 薄型 小型 テンキー付 Unifying 国内正規品 3年間無償保証
","
ロジクール ワイヤレスキーボード K360r キーボード ワイヤレス 静音 無線 薄型 小型 テンキー付 Unifying 国内正規品 3年間無償保証
","
CHEFMADE 食パン 型 パン型 フタ付き パン焼 (L-22.3×8.7×7.7CM) (波紋型, 22.3×8.7×7.7CM)
"
"
ロジクール ワイヤレスマウス キーボード セット 無線 ワイヤレスコンボ MK270 [ M185 + K270 ]
","
ロジクール ワイヤレスマウス キーボード セット 無線 ワイヤレスコンボ MK270 [ M185 + K270 ]
","
ロッジ スクエアグリルパン10-1/2 L8SGP3 [並行輸入品]
"
"
eMedia eメディア Piano for Dummies 61-Key Keyboard Starter Pack【並行輸入品】
","
eMedia eメディア Piano for Dummies 61-Key Keyboard Starter Pack【並行輸入品】
","
志麻さんの何度でも食べたい極上レシピ
"
"
Logicool G テンキーレス ゲーミングキーボード 無線 G913 GLスイッチ クリッキー 日本語配列 LIGHTSPEED ワイヤレス Bluetooth LIGHTSYNC RGB G913-TKL-CKBK 国内正規品
","
Logicool G テンキーレス ゲーミングキーボード 無線 G913 GLスイッチ クリッキー 日本語配列 LIGHTSPEED ワイヤレス Bluetooth LIGHTSYNC RGB G913-TKL-CKBK 国内正規品
","
ホットサンドメーカー 直火式 グリルパン 耳まで焼ける 具だくさん対応 耳圧着タイプ 上下分離型 フッ素樹脂加工 お手入れ簡単 ガス火専用 家庭用 アウトドア キャンプ 【RCステッカー付き】
"
"
エレコム キーボード 【マウスセット】 ワイヤレス (レシーバー付属) メンブレン フルキーボード ブラック TK-FDM106MBK
","
エレコム キーボード 【マウスセット】 ワイヤレス (レシーバー付属) メンブレン フルキーボード ブラック TK-FDM106MBK
","
和平フレイズ フライパン 焼く 煮る 茹でる 揚げる 20cm 両口深型 ガス火専用 軽量タイプ ダイヤモンドコート RA-9736
"
"
BFRIENDit 有線ＵＳＢキーボード 使いやすいフローティングキー 静音設計 高耐久性 極薄 ＰＣ用キーボード Windows 10/8 / 7 / Vista対応 KB1430 – オレンジ … …
","
BFRIENDit 有線ＵＳＢキーボード 使いやすいフローティングキー 静音設計 高耐久性 極薄 ＰＣ用キーボード Windows 10/8 / 7 / Vista対応 KB1430 – オレンジ … …
","
Guimaraes&Rosa(ギマランイスイホーザ) ポルトガル伝統パン焼きトースター(ガスコンロ、ガス火用)
"
"
ゲーミングキーボード 有線 usb有線キーボード Windows/Mac OS対応 PC対応 25キー防衝突 106キー日本語配列 1680万色RGBバックライト 日本語説明書付き 防水 耐久性あり 6種類LED色変え 一年間メーカー保証(ブラック)
","
ゲーミングキーボード 有線 usb有線キーボード Windows/Mac OS対応 PC対応 25キー防衝突 106キー日本語配列 1680万色RGBバックライト 日本語説明書付き 防水 耐久性あり 6種類LED色変え 一年間メーカー保証(ブラック)
","
和平フレイズ フライパンカバー スタンド式ハイドームパンカバー リーンズ 26cm ガラス窓付 ふっ素樹脂加工 RE-7103
"
"
HOKONUI ゲーミングキーボード 標準日本語配列 106キー メカニカルな触感 RGB1680万色 6種類LED色変え LEDバックライト 仕事用 ゲーム 防水 25キー防衝突 USBキーボード 有線 G38 (ZK-G038)
","
HOKONUI ゲーミングキーボード 標準日本語配列 106キー メカニカルな触感 RGB1680万色 6種類LED色変え LEDバックライト 仕事用 ゲーム 防水 25キー防衝突 USBキーボード 有線 G38 (ZK-G038)
","
パール金属 グリルパン蓋 角型用 ラクッキング 日本製 HB-996
"
"
Arteck 2.4G ワイヤレスキーボード 無線ステンレススチール 軽量 フルサイズキーボード コンピューター、デスクトップ、PC、ラップトップ、Surface、スマートテレビ、Windows10/8/7、Vista、XPとの交換性あり 充電式電池内蔵
","
Arteck 2.4G ワイヤレスキーボード 無線ステンレススチール 軽量 フルサイズキーボード コンピューター、デスクトップ、PC、ラップトップ、Surface、スマートテレビ、Windows10/8/7、Vista、XPとの交換性あり 充電式電池内蔵
","
ベストコ ソースパン レッド&シルバー 20cm フライパンにも使える IH ガラス蓋付 ND-5452
"
"
HAVITメカニカル ゲーミングキーボード マウスセット、104キー虹色バックライト付きUSBキーボード 青軸 PCゲーマー コンピュータ ラップトップ用 有線4800DPI 7ボタンマウス PCコンピュータラップトップのみ KB393L
","
HAVITメカニカル ゲーミングキーボード マウスセット、104キー虹色バックライト付きUSBキーボード 青軸 PCゲーマー コンピュータ ラップトップ用 有線4800DPI 7ボタンマウス PCコンピュータラップトップのみ KB393L
","
アンパンマン かまどでやこう♪ジャムおじさんのやきたてパン工場
"
"
Rockykey キーボード Bluetooth ワイヤレスキーボード 無線 bluetooth keyboard 薄型 静音設計 軽量 ブルートゥースキーボード ファンクションキー搭載 高級感 iOS/Android/Mac/Windows対応/長時間稼働 ブラック 簡単ペアリング
","
Rockykey キーボード Bluetooth ワイヤレスキーボード 無線 bluetooth keyboard 薄型 静音設計 軽量 ブルートゥースキーボード ファンクションキー搭載 高級感 iOS/Android/Mac/Windows対応/長時間稼働 ブラック 簡単ペアリング
","
イブキクラフト TOOLS (ツールズ) GRILLER (グリラー) ブラック
"
"
マイクロソフト キーボード ワイヤレス/セキリュティ(暗号化機能搭載)/防滴 All-in-One Media Keyboard N9Z-00029
","
マイクロソフト キーボード ワイヤレス/セキリュティ(暗号化機能搭載)/防滴 All-in-One Media Keyboard N9Z-00029
","
ケーニヒスクローネ【送料無料】【クール冷凍便】ホテルパンセット　３袋入
"
"
HOKONUI ゲーミングキーボード 標準日本語配列 106キー メカニカルな触感 RGB1680万色 6種類LED色変え LEDバックライト 仕事用 ゲーム 防水 25キー防衝突 USBキーボード 有線 G38 (ZK-G038)
","
HOKONUI ゲーミングキーボード 標準日本語配列 106キー メカニカルな触感 RGB1680万色 6種類LED色変え LEDバックライト 仕事用 ゲーム 防水 25キー防衝突 USBキーボード 有線 G38 (ZK-G038)
","
オークス 日本製 グリルパン IH対応 ウチクック スチームグリル メタルカバー ブラック UCS15BK
"
"
VicTsing 無線(2.4GHz)キーボード&静音マウスセット 日本語配列全109キーワイヤレスキーボード ブラック【Windows/Mac/PS4対応】-24ケ月無償保証
","
VicTsing 無線(2.4GHz)キーボード&静音マウスセット 日本語配列全109キーワイヤレスキーボード ブラック【Windows/Mac/PS4対応】-24ケ月無償保証
","
大きいサイズクッキングマット 食品級シリコーン 製菓マット 目盛り付き 60×40cm キッチン パン/クッキー/ピザ ベーキングマット 調理台保護マット 製菓道具 耐熱 テーブルマット+ スクレッパー(赤)
"
"
ロジクール iPad iPhone キーボード ポータブル iK1042BKA ブラック Bluetooth 薄型 充電式 iPhoneスタンド付 ワイヤレス 無線 国内正規品 2年間無償保証
","
ロジクール iPad iPhone キーボード ポータブル iK1042BKA ブラック Bluetooth 薄型 充電式 iPhoneスタンド付 ワイヤレス 無線 国内正規品 2年間無償保証
","
貝印 KAI パン切り包丁 Bready ONE 220mm AB5524
"
"
ロジクール ワイヤレスキーボード K295GP 静音 防水 キーボード 無線 Unifying K295 windows chrome グラファイト 国内正規品 2年間無償保証
","
ロジクール ワイヤレスキーボード K295GP 静音 防水 キーボード 無線 Unifying K295 windows chrome グラファイト 国内正規品 2年間無償保証
","
売上を、減らそう。たどりついたのは業績至上主義からの解放(ライツ社)
"
"
ロジクール ワイヤレス マウス 無線 耐水設計キーボード セット MK235
","
ロジクール ワイヤレス マウス 無線 耐水設計キーボード セット MK235
","
パール金属 グリルパン ブラック 25×17cm ハンドル付 角型 ウェーブ セラクッキング HB-4230
"
"
Dell ワイヤレスキーボード・マウスセット KM636 ブラック
","
Dell ワイヤレスキーボード・マウスセット KM636 ブラック
","
クッキングマット ベーキングマット 食品級シリコンマット ペストリーボード 2枚セット 製菓マット ノンスティック エコなクッキングマット 目盛付き 耐熱 耐久 水洗い可能 繰り返し使用可能 調理 製菓道具 オーブン 電子レンジ対応
"
"
Logicool ロジクール ワイヤレス タッチキーボード K400pBK
","
Logicool ロジクール ワイヤレス タッチキーボード K400pBK
","
冷蔵庫で作りおきパン　いつでも焼きたて
"
"
Logicool G ゲーミングキーボード 無線 G913 GLスイッチ リニア メカニカルキーボード 静音 日本語配列 LIGHTSPEED ワイヤレス Bluetooth接続対応 LIGHTSYNC RGB G913-LN 国内正規品
","
Logicool G ゲーミングキーボード 無線 G913 GLスイッチ リニア メカニカルキーボード 静音 日本語配列 LIGHTSPEED ワイヤレス Bluetooth接続対応 LIGHTSYNC RGB G913-LN 国内正規品
","
TINKSKY 炭火風焼網 焼き網 ピザパン 柔らかい 不粘着 多用途 焼肉 丸型 飲食店 業務用 家庭用 食器洗い機対応可
"
"
ゲーミングキーボード 有線 106キー日本語配列 25キー防衝突 PC用キーボード RGB1680万色 6種類LED色変え 仕事用/ゲーム用 防水仕様 Windows/Mac OS対応 在宅勤務 日本語説明書付き【一年間品質保証】HOKONUI
","
ゲーミングキーボード 有線 106キー日本語配列 25キー防衝突 PC用キーボード RGB1680万色 6種類LED色変え 仕事用/ゲーム用 防水仕様 Windows/Mac OS対応 在宅勤務 日本語説明書付き【一年間品質保証】HOKONUI
","
うちで焼く丸パン
"
"
Ewin キーボード ワイヤレス bluetooth 小型 キーボード JIS基準 日本語配列 ios android Windows mac多システム対応 iphone ipad パソコン スマホ タブレット 三つデバイス自由に切替え 軽量 超薄型 一年間安心保証付き 日本語説明書 ブラック
","
Ewin キーボード ワイヤレス bluetooth 小型 キーボード JIS基準 日本語配列 ios android Windows mac多システム対応 iphone ipad パソコン スマホ タブレット 三つデバイス自由に切替え 軽量 超薄型 一年間安心保証付き 日本語説明書 ブラック
","
極 SONS 鉄 フライパン モーニング 23cm COCOpan C105-002
"
"
NPET White ゲーミングキーボード LED バックライト 7色 防水 usb 26キー防衝突 キーボード 角度調節可能 2年間無償品質保証 キーキャッププーラー付き ホワイト K10-WH
","
NPET White ゲーミングキーボード LED バックライト 7色 防水 usb 26キー防衝突 キーボード 角度調節可能 2年間無償品質保証 キーキャッププーラー付き ホワイト K10-WH
","
ハッピーコール(Happycall)両面フライパン『グルメパン』 ミニサイズ 直火用 ブラウン(マーブルコート)
"
"
Apple Smart Keyboard (12.9インチiPad Pro - 第3世代と第4世代) - 日本語(JIS)
","
Apple Smart Keyboard (12.9インチiPad Pro - 第3世代と第4世代) - 日本語(JIS)
","
[山善] 具だくさん 耳付きで焼ける ホットサンドメーカー 一人暮らし 新生活 ホワイト YSB-S420(W) [メーカー保証1年]
"
"
ESC コンピューターキーボードスタンド & ノートパソコンスタンド – 調節可能な人間工学的角度/傾斜 – 2サイズのスタンド付属 – ほとんどのキーボードに対応 – 再配置可能なマイクログリップパッド (キーボードは含まれていません)(正規輸入品)
","
ESC コンピューターキーボードスタンド & ノートパソコンスタンド – 調節可能な人間工学的角度/傾斜 – 2サイズのスタンド付属 – ほとんどのキーボードに対応 – 再配置可能なマイクログリップパッド (キーボードは含まれていません)(正規輸入品)
","
GreenChef グリーンシェフ 「 ビンテージ グレー 」 エッグパン(玉子焼き器) 14x18cm 【IH対応】 ヘルシーセラミックノンスティック Vintage Grey CC002545-001
"
"
ロジクール ワイヤレスキーボード K780 Bluetooth Unifying ワイヤレス 無線 キーボード windows mac Chrome iOS Android 国内正規品 2年間無償保証
","
ロジクール ワイヤレスキーボード K780 Bluetooth Unifying ワイヤレス 無線 キーボード windows mac Chrome iOS Android 国内正規品 2年間無償保証
","
[Amazon限定ブランド] Kuras クッキングシート 30cm×30m ×2本パック
"
"
PFU Happy Hacking Keyboard Lite2 for Mac 日本語配列かな印字なし USBキーボード Mac専用モデル ホワイト PD-KB220MA
","
PFU Happy Hacking Keyboard Lite2 for Mac 日本語配列かな印字なし USBキーボード Mac専用モデル ホワイト PD-KB220MA
","
徳用 全粒粉 2kg
"
"
Hanmir キーボード Bluetooth ワイヤレスキーボード 無線 bluetooth keyboard 薄型 静音設計 軽量 ブルートゥースキーボード ファンクションキー搭載 高級感 iOS/Android/Mac/Windows対応/長時間稼働 ブラック簡単ペアリング
","
Hanmir キーボード Bluetooth ワイヤレスキーボード 無線 bluetooth keyboard 薄型 静音設計 軽量 ブルートゥースキーボード ファンクションキー搭載 高級感 iOS/Android/Mac/Windows対応/長時間稼働 ブラック簡単ペアリング
","
BarleyCorn パンマット パンこね台 パンマット ベイクウェア パン作り道具 2枚セット (36*45cm)
"
"
DUCKY ゲーミングキーボード One 2 Mini RGB 60％ version シルバー軸(英語配列) dk-one2-rgb-mini-silver-rat ［USB /有線］
","
DUCKY ゲーミングキーボード One 2 Mini RGB 60％ version シルバー軸(英語配列) dk-one2-rgb-mini-silver-rat ［USB /有線］
","
パール金属 プラティコ 鉄製 オーバルパン ウェーブ 31×21cm グリルパン IH対応 日本製 燕三条製 ブラック HB-3307
"
"
ロジクール 快適人間工学マウス&静音キーボード ワイヤレスコンボ MK545 パームレスト チルトレッグ搭載 耐水設計 長電池寿命 高耐久性 Unifying接続
","
ロジクール 快適人間工学マウス&静音キーボード ワイヤレスコンボ MK545 パームレスト チルトレッグ搭載 耐水設計 長電池寿命 高耐久性 Unifying接続
","
ステンレストレー、ノンスティックコーティング汚れにくいパントレー、パンを焼くためのパンを焼く(Black TG02#A)
"
"
CASIO 光ナビゲーション・キーボード LK-58
","
CASIO 光ナビゲーション・キーボード LK-58
","
グリル用棚、ベーキングトレイ、クーリンググリッド、調理用アクセサリ、パンを焼くためのツール
"
"
ROCCAT Vulcan TKL コンパクトメカニカル RGB ゲーミングキーボード JP 日本語配列モデル 静音 リニア(赤軸相当) テンキーレス 国内正規品 ドイツデザイン ROC-12-285
","
ROCCAT Vulcan TKL コンパクトメカニカル RGB ゲーミングキーボード JP 日本語配列モデル 静音 リニア(赤軸相当) テンキーレス 国内正規品 ドイツデザイン ROC-12-285
","
スチール製パン型、耐性のあるベーキングトレイ、パンを焼くための汚れ防止。ベーキングパンベーキングベーキングデザート(Black TG02#A)
"
"
Apple Smart Keyboard (11インチiPad Pro - 第1世代と第2世代) - 日本語(JIS)
","
Apple Smart Keyboard (11インチiPad Pro - 第1世代と第2世代) - 日本語(JIS)
","
パンパン、スチールパンパン、非腐食性高温耐性パンを焼くための高品質(Black TG02#A)
"
"
Logicool G ゲーミングマウス 有線 G203 ホワイト LIGHTSYNC RGB 6個プログラムボタン 85g軽量 G203-WH 国内正規品
","
Logicool G ゲーミングマウス 有線 G203 ホワイト LIGHTSYNC RGB 6個プログラムボタン 85g軽量 G203-WH 国内正規品
",
"
Romu ゲーミングキーボード 有線 106キー日本語配列 25キー防衝突 PC用キーボード RGB1680万色 6種類LED色変え 仕事用/ゲーム用 防水仕様 在宅勤務 Windows/Mac OS対応 日本語説明書付き【一年間品質保証】 (ブラック)
","
Romu ゲーミングキーボード 有線 106キー日本語配列 25キー防衝突 PC用キーボード RGB1680万色 6種類LED色変え 仕事用/ゲーム用 防水仕様 在宅勤務 Windows/Mac OS対応 日本語説明書付き【一年間品質保証】 (ブラック)
",
"
BFRIENDit 有線ＵＳＢキーボード 使いやすいフローティングキー 静音設計 高耐久性 極薄 ＰＣ用キーボード Windows 10/8 / 7 / Vista対応 KB1430 – ホワイト …
","
BFRIENDit 有線ＵＳＢキーボード 使いやすいフローティングキー 静音設計 高耐久性 極薄 ＰＣ用キーボード Windows 10/8 / 7 / Vista対応 KB1430 – ホワイト …
",
"
Razer Cynosa V2 JP ゲーミングキーボード 日本語配列 メンブレン 静音 個別バックライトキー Chroma RGB 防滴設計 【日本正規代理店保証品】 RZ03-03401500-R3J1
","
Razer Cynosa V2 JP ゲーミングキーボード 日本語配列 メンブレン 静音 個別バックライトキー Chroma RGB 防滴設計 【日本正規代理店保証品】 RZ03-03401500-R3J1
",
"
Urworthltd メカニカル ゲーミングキーボードセット 青軸 有線 87キー 全キー 防衝突 ハニカムデザイン 軽量6400DPI プログラム可能 マウスパッド付き RGBバックライト キーボードマウスセット ドライバー コンパクト mini (ピンク)
","
Urworthltd メカニカル ゲーミングキーボードセット 青軸 有線 87キー 全キー 防衝突 ハニカムデザイン 軽量6400DPI プログラム可能 マウスパッド付き RGBバックライト キーボードマウスセット ドライバー コンパクト mini (ピンク)
",
"
2.4GHz ミニ 無線キーボード マウス コンボ ，ワイヤレスキーボード マウス セット，薄型 対応USB接続採用 パソコン ノートパソコン スマートTV Windows10/8/7 Macに対応 (白色)
","
2.4GHz ミニ 無線キーボード マウス コンボ ，ワイヤレスキーボード マウス セット，薄型 対応USB接続採用 パソコン ノートパソコン スマートTV Windows10/8/7 Macに対応 (白色)
",
"
【日本語配列】HyperX Alloy Core RGB ゲーミングキーボード ゲーマー向け LEDバックライト 耐水性 2年保証 HX-KB5ME2-JP
","
【日本語配列】HyperX Alloy Core RGB ゲーミングキーボード ゲーマー向け LEDバックライト 耐水性 2年保証 HX-KB5ME2-JP
",
"
Bluetoothキーボード ワイヤレスキーボード ブルートゥース キーボード iPad キーボード キーボード 電池式 コンパクト 軽量 小型 mac ios android Windows 対応 オンライン授業 テレワーク
","
Bluetoothキーボード ワイヤレスキーボード ブルートゥース キーボード iPad キーボード キーボード 電池式 コンパクト 軽量 小型 mac ios android Windows 対応 オンライン授業 テレワーク
",
"
Corsair K70 RGB MK.2 RAPIDFIRE MX Speed Keyboard -日本語キーボード ゲーミングキーボード KB442 CH-9109014-JP
","
Corsair K70 RGB MK.2 RAPIDFIRE MX Speed Keyboard -日本語キーボード ゲーミングキーボード KB442 CH-9109014-JP
",
"
SEENDA ワイヤレスキーボード マウスセット USB充電式 コンパクト 軽量 超薄 小型 スリム 無線キーボード 静音マウス 持ち運び便利 日本語配列
","
SEENDA ワイヤレスキーボード マウスセット USB充電式 コンパクト 軽量 超薄 小型 スリム 無線キーボード 静音マウス 持ち運び便利 日本語配列
",
"
ロジクール ワイヤレスマウス キーボード セット MK295GP 静音 防水 無線 USB接続 Unifying非対応 MK295 グラファイト 国内正規品 2年間無償保証
","
ロジクール ワイヤレスマウス キーボード セット MK295GP 静音 防水 無線 USB接続 Unifying非対応 MK295 グラファイト 国内正規品 2年間無償保証
",
"
Logicool G ゲーミングキーボード 無線 G613 LIGHTSPEED ワイヤレス Bluetooth接続対応 タクタイル メカニカルキーボード 日本語配列 パームレスト 国内正規品
","
Logicool G ゲーミングキーボード 無線 G613 LIGHTSPEED ワイヤレス Bluetooth接続対応 タクタイル メカニカルキーボード 日本語配列 パームレスト 国内正規品
",
"
ロジクール ワイヤレスキーボード K230 キーボード ワイヤレス 静音 無線 薄型 小型 テンキー付 Unifying 国内正規品 3年間無償保証
","
ロジクール ワイヤレスキーボード K230 キーボード ワイヤレス 静音 無線 薄型 小型 テンキー付 Unifying 国内正規品 3年間無償保証
",
"
Razer Huntsman Tournament Edition - Linear Optical Switch ゲーミングキーボード 英語US配列 超高速1.0mm作動 リニア触感 テンキーレス【日本正規代理店保証品】 RZ03-03080100-R3M1
","
Razer Huntsman Tournament Edition - Linear Optical Switch ゲーミングキーボード 英語US配列 超高速1.0mm作動 リニア触感 テンキーレス【日本正規代理店保証品】 RZ03-03080100-R3M1
",
"
Ewin® 最新型 iPad 10.2/10.5 キーボードケース 第7世代 2019モデル bluetoothキーボード ワイヤレス タッチパッド搭載 ロック可能 脱着式 JIS基準日本語配列 2台のiOSデバイス切り替え可能 ipad air3 ipad pro スマホ アイパッド 全面保護 軽量 オートスリープ keyboard スタンド機能付き 一年間安心保証付き 日本語説明書 ブラック
","
Logicool G ゲーミングキーボード テンキーレス G913 TKL ホワイト LIGHTSPEED ワイヤレス タクタイル 静音 日本語配列 G913-TKL-TCWH 国内正規品 2年間メーカー保証
",
"
Logicool G ゲーミングキーボード 有線 G610BL 日本語配列 青軸 メカニカルキーボード 専用メディアコントロール カスタムボタンマクロ 国内正規品
","
GT20片手メカニカルゲーミングキーボードとマウスの組み合わせ、青色スイッチ付きRGB有線メカニカルキーボードと呼吸光付きマウス、マクロ定義、プログラム可能なキーボードとマウス、日本語マニュアル付き
",
