keyboard,keyboard
"
ロジクール ワイヤレスマウス キーボード セット MK295GP 静音 防水 無線 USB接続 Unifying非対応 MK295 グラファイト 国内正規品 2年間無償保証
","
ロジクール ワイヤレスマウス キーボード セット MK295GP 静音 防水 無線 USB接続 Unifying非対応 MK295 グラファイト 国内正規品 2年間無償保証
"
"
ロジクール ワイヤレスキーボード K360r キーボード ワイヤレス 静音 無線 薄型 小型 テンキー付 Unifying 国内正規品 3年間無償保証
","
ロジクール ワイヤレスキーボード K360r キーボード ワイヤレス 静音 無線 薄型 小型 テンキー付 Unifying 国内正規品 3年間無償保証
"
"
Logicool G ゲーミングキーボード 有線 G910r タクタイル メカニカルキーボード 日本語配列 LIGHTSYNC RGB パームレスト G910 Spectrum 国内正規品
","
Logicool G ゲーミングキーボード 有線 G910r タクタイル メカニカルキーボード 日本語配列 LIGHTSYNC RGB パームレスト G910 Spectrum 国内正規品
"
"
ロジクール iPad 10.2 インチ 第8世代 第7世代 対応 トラックパッド付き キーボードケース Smart Connector 接続 Combo Touch iK1057BKA 英語配列 薄型 バックライト付き スマートコネクタ 国内正規品 2年間メーカー保証
","
ロジクール iPad 10.2 インチ 第8世代 第7世代 対応 トラックパッド付き キーボードケース Smart Connector 接続 Combo Touch iK1057BKA 英語配列 薄型 バックライト付き スマートコネクタ 国内正規品 2年間メーカー保証
"
"
ロジクール アドバンスド ワイヤレスキーボード KX800 MX KEYS 充電式 bluetooth Unifying Windows Mac FLOW ワイヤレス 無線 キーボード 国内正規品 2年間無償保証
","
ロジクール アドバンスド ワイヤレスキーボード KX800 MX KEYS 充電式 bluetooth Unifying Windows Mac FLOW ワイヤレス 無線 キーボード 国内正規品 2年間無償保証
"
"
Logicool ロジクール MK245nBK ワイヤレスキーボード ワイヤレスマウス セット 無線 MK245n ソリッドブラック 国内正規品 3年間無償保証
","
Logicool ロジクール MK245nBK ワイヤレスキーボード ワイヤレスマウス セット 無線 MK245n ソリッドブラック 国内正規品 3年間無償保証
"
"
HHKB Professional HYBRID Type-S 英語配列／墨
","
ロジクール キーボード ワイヤレス 無線 フルサイズ 薄型 テンキー付 耐水 静音設計 USB接続 3年間無償保証ボード Unifying対応レシーバー採用 K270
"
"
エレコム キーボード 有線 メンブレン ブラック TK-FFCM01BK
","
エレコム キーボード 有線 メンブレン ブラック TK-FFCM01BK
"
"
ゲーミングキーボード RGB1680万色 8種類LED色変え 3つライティングモード 最大9000万回使用寿命 106キー日本語配列 有線キーボード 25キー防衝突 防水仕様 Windows/Mac OS対応 仕事PC用/自宅ゲーム用 日本語説明書付き メーカー保証
","
ゲーミングキーボード RGB1680万色 8種類LED色変え 3つライティングモード 最大9000万回使用寿命 106キー日本語配列 有線キーボード 25キー防衝突 防水仕様 Windows/Mac OS対応 仕事PC用/自宅ゲーム用 日本語説明書付き メーカー保証
"
"
エレコム キーボード 【マウスセット】 ワイヤレス (レシーバー付属) メンブレン フルキーボード 1000万回高耐久 PlayStation4 対応 ブラック TK-FDM063BK
","
エレコム キーボード 【マウスセット】 ワイヤレス (レシーバー付属) メンブレン フルキーボード 1000万回高耐久 PlayStation4 対応 ブラック TK-FDM063BK
"
"
Ewin 新型 Bluetoothキーボード 折りたたみ式 157g 超軽量 薄型 レザーカバー 財布型 ワイヤレスキーボード USB 薄型 IOS/Android/Windows に対応 スマホ用 スタンド付 【日本語説明書と18月保証付き】(折りたたみ式, ブラック)
","
Ewin 新型 Bluetoothキーボード 折りたたみ式 157g 超軽量 薄型 レザーカバー 財布型 ワイヤレスキーボード USB 薄型 IOS/Android/Windows に対応 スマホ用 スタンド付 【日本語説明書と18月保証付き】(折りたたみ式, ブラック)
"
"
Logicool G PRO X ゲーミングキーボード テンキーレス 有線 GXスイッチ クリッキー 日本語配列 LIGHTSYNC RGB 着脱式ケーブル G-PKB-002 国内正規品
","
Logicool G PRO X ゲーミングキーボード テンキーレス 有線 GXスイッチ クリッキー 日本語配列 LIGHTSYNC RGB 着脱式ケーブル G-PKB-002 国内正規品
"
"
エレコム キーボード ワイヤレス (レシーバー付属) メンブレン 薄型 フルキーボード マウス付 ブラック TK-FDM110MBK
","
エレコム キーボード ワイヤレス (レシーバー付属) メンブレン 薄型 フルキーボード マウス付 ブラック TK-FDM110MBK
"
"
エレコム トラックボール付キーボード ワイヤレス (レシーバー付属) プレミアムメンブレン キー割り当て リストレスト ブラック TK-TB01DMBK
","
エレコム トラックボール付キーボード ワイヤレス (レシーバー付属) プレミアムメンブレン キー割り当て リストレスト ブラック TK-TB01DMBK
"
"
ロジクール iPad iPhone キーボード ポータブル iK1042BKA ブラック Bluetooth 薄型 充電式 iPhoneスタンド付 ワイヤレス 無線 国内正規品 2年間無償保証
","
ロジクール iPad iPhone キーボード ポータブル iK1042BKA ブラック Bluetooth 薄型 充電式 iPhoneスタンド付 ワイヤレス 無線 国内正規品 2年間無償保証
"
"
iClever キーボード Bluetooth 日本語 JIS配列3台同時接続可能 テンキー付きフルサイズ 超薄型 ワイヤレス キーボード 静音設計 充電式 18月間無償保証 ラップトップ PC iPad用Windows Mac iOS Android対応 ブラックIC-BK22
","
iClever キーボード Bluetooth 日本語 JIS配列3台同時接続可能 テンキー付きフルサイズ 超薄型 ワイヤレス キーボード 静音設計 充電式 18月間無償保証 ラップトップ PC iPad用Windows Mac iOS Android対応 ブラックIC-BK22
"
"
Logicool G PRO X ゲーミングキーボード テンキーレス 有線 GXスイッチ クリッキー 日本語配列 LIGHTSYNC RGB 着脱式ケーブル G-PKB-002 国内正規品
","
NPET ゲーミングキーボード LED バックライト 7色 防水 usb 26キー防衝突 キーボード 角度調節可能 2年間無償品質保証 キーキャッププーラー付き K10 更新版 (日本語配列(106キー))
"
"
ロジクール ワイヤレスキーボード 無線 キーボード 薄型 小型 K380BK Bluetooth K380 ワイヤレス マルチOS: Windows Mac iOS Android Chrome
","
Anker ウルトラスリム Bluetooth ワイヤレスキーボード iOS/Android/Mac/Windows対応/長時間稼働 ホワイト テレワーク リモート 在宅勤務
"
"
レノボ・ジャパン ThinkPad トラックポイント・キーボード - 日本語 0B47208
","
エレコム キーボード 有線 メンブレン ブラック TK-FFCM01BK
"
"
ゲーミングキーボード 有線 106キー日本語配列 25キー防衝突 PC用キーボード RGB1680万色 6種類LED色変え 仕事用/ゲーム用 防水仕様 Windows/Mac OS対応 在宅勤務 日本語説明書付き【一年間品質保証】HOKONUI
","
ロジクール アドバンスド ワイヤレス イルミネイテッド キーボード KX800M MX KEYS for Mac 充電式 US配列 bluetooth Unifying iPad 無線 ワイヤレスキーボード 薄型 KX800 スペースグレー 国内正規品 2年間無償保証
"
"
ロジクール アドバンスド ワイヤレス イルミネイテッド キーボード KX800M MX KEYS for Mac 充電式 US配列 bluetooth Unifying iPad 無線 ワイヤレスキーボード 薄型 KX800 スペースグレー 国内正規品 2年間無償保証
","
Logicool G PRO X ゲーミングキーボード テンキーレス 有線 GXスイッチ クリッキー 日本語配列 LIGHTSYNC RGB 着脱式ケーブル G-PKB-002 国内正規品
"
"
Ewin 新型 Bluetoothキーボード 折りたたみ式 157g 超軽量 薄型 レザーカバー 財布型 ワイヤレスキーボード USB 薄型 IOS/Android/Windows に対応 スマホ用 スタンド付 【日本語説明書と18月保証付き】(折りたたみ式, ブラック)
","
Logicool G ゲーミングキーボード 有線 G213 パームレスト 日本語配列 メンブレン キーボード 静音  LIGHTSYNC RGB  国内正規品
"
"
Magic Keyboard - 英語（US)
","
ロジクール ワイヤレスキーボード 無線 キーボード 薄型 小型 K380BK Bluetooth K380 ワイヤレス マルチOS: Windows Mac iOS Android Chrome
"
"
[iPad 10.2/10.5通用]Ewin® 新型 iPad キーボード ケース タッチパッド付き 一体式Bluetoothキーボード 超薄型 ipad 第７世代 ipad 第８世代 10.2 ipad pro 10.5 ipad air3 10.5対応 ワイヤレスキーボード pencil収納 日本語説明書付き (ブラック)
","
サンワサプライ 有線USBキーボード 標準日本語配列 メンブレン ブラック SKB-L1UBK
"
"
Razer BlackWidow Lite JP Mercury White メカニカルキーボード 静音 オレンジ軸 テンキーレス 日本語配列 【日本正規代理店保証品】 RZ03-02640800-R3J1
","
ゲーミングキーボード 有線 106キー日本語配列 25キー防衝突 PC用キーボード RGB1680万色 6種類LED色変え 仕事用/ゲーム用 防水仕様 Windows/Mac OS対応 在宅勤務 日本語説明書付き【一年間品質保証】HOKONUI
"
"
Ewin® 最新型 iPad 10.2/10.5 キーボードケース 第7世代 2019モデル bluetoothキーボード ワイヤレス タッチパッド搭載 ロック可能 脱着式 JIS基準日本語配列 2台のiOSデバイス切り替え可能 ipad air3 ipad pro スマホ アイパッド 全面保護 軽量 オートスリープ keyboard スタンド機能付き 一年間安心保証付き 日本語説明書 ブラック
","
Ewin® 最新型 iPad 10.2/10.5 キーボードケース 第7世代 2019モデル bluetoothキーボード ワイヤレス タッチパッド搭載 ロック可能 脱着式 JIS基準日本語配列 2台のiOSデバイス切り替え可能 ipad air3 ipad pro スマホ アイパッド 全面保護 軽量 オートスリープ keyboard スタンド機能付き 一年間安心保証付き 日本語説明書 ブラック
"
"
HOKONUI ゲーミングキーボード 標準日本語配列 106キー メカニカルな触感 RGB1680万色 6種類LED色変え LEDバックライト 仕事用 ゲーム 防水 25キー防衝突 USBキーボード 有線 G38 (ZK-G038)
","
HOKONUI ゲーミングキーボード 標準日本語配列 106キー メカニカルな触感 RGB1680万色 6種類LED色変え LEDバックライト 仕事用 ゲーム 防水 25キー防衝突 USBキーボード 有線 G38 (ZK-G038)
"
"
BFRIENDit 有線ＵＳＢキーボード 使いやすいフローティングキー 静音設計 高耐久性 極薄 ＰＣ用キーボード Windows 10/8 / 7 / Vista対応 KB1430 – オレンジ … …
","
BFRIENDit 有線ＵＳＢキーボード 使いやすいフローティングキー 静音設計 高耐久性 極薄 ＰＣ用キーボード Windows 10/8 / 7 / Vista対応 KB1430 – オレンジ … …
"
"
【マルチペアリング】jp配列 Ewin キーボード ワイヤレス bluetooth 小型 静音 超薄型 軽量 スリム コンパクト us配列 日本語 jis配列 かな入力 ブルートゥース pc ノート パソコン アイ パッド iphone ipad スマホ タブレット surface thinkpad mac ios android Windows など対応 日本語説明書 テレワーク リモート 在宅勤務 在宅 ワーク ホワイト
","
HHKB Professional HYBRID Type-S 英語配列／墨
"
"
PFU Happy Hacking Keyboard Lite2 for Mac 日本語配列かな印字なし USBキーボード Mac専用モデル ホワイト PD-KB220MA
","
Razer BlackWidow Lite JP Mercury White メカニカルキーボード 静音 オレンジ軸 テンキーレス 日本語配列 【日本正規代理店保証品】 RZ03-02640800-R3J1
"
"
METIS メカニカルキーボード 機械式 ゲーミングキーボード 61キー Bluetooth 無線 USB 有線 青軸 防水 充電式 LEDバックライト オフィス/ゲーミング用 英語配列 日本語取扱説明書 (61キー, 白色)
","
レノボ・ジャパン ThinkPad トラックポイント・キーボード - 日本語 0B47208
"
"
iClever キーボードワイヤレスキーボードマウスセット日本語配列 静音 超薄型 テンキー付き 無線2.4G キーボード マウス3段調節可能DPI 充電式 フルサイズ パソコンPC多機能対応Windows対応 Mac対応 シルバーホワイト
","
エレコム キーボード 有線 メンブレン コンパクトキーボード ブラック TK-FCM103XBK
"
"
ロジクール iPad iPhone キーボード ポータブル iK1042BKA ブラック Bluetooth 薄型 充電式 iPhoneスタンド付 ワイヤレス 無線 国内正規品 2年間無償保証
","
ロジクール 有線 キーボード 耐水 静音設計 K120 USB接続 テンキーあり 薄型 3年間無償保証
"
"
Romu ゲーミングキーボード 有線 106キー日本語配列 25キー防衝突 PC用キーボード RGB1680万色 6種類LED色変え 仕事用/ゲーム用 防水仕様 在宅勤務 Windows/Mac OS対応 日本語説明書付き【一年間品質保証】 (ブラック)
","
MOBO 折りたたみ型 Bluetooth 日本語配列 キーボード【 ブラック 】専用ケース兼スタンド付き 「 MOBO Keyboard 」 AM-KTF83J-GB
"
"
ロジクール iPad 10.2 インチ 第8世代 第7世代 対応 トラックパッド付き キーボードケース Smart Connector 接続 Combo Touch iK1057BKA 英語配列 薄型 バックライト付き スマートコネクタ 国内正規品 2年間メーカー保証
","
Apple Magic Keyboard - 日本語(JIS)
"
"
Razer Huntsman Tournament Edition - Linear Optical Switch ゲーミングキーボード 英語US配列 超高速1.0mm作動 リニア触感 テンキーレス【日本正規代理店保証品】 RZ03-03080100-R3M1
","
Logicool G ゲーミングキーボード 有線 G512 GXスイッチ クリッキー メカニカルキーボード 日本語配列 LIGHTSYNC RGB G512-CK 国内正規品
"
"
Apple Smart Keyboard (iPad- 第8世代・iPad Air- 第3世代) - 日本語(JIS)
","
Redvive PCコンピュータ用の新しいN518パンクロボット有線キーボードとマウスセットラウンドキーキャップ ゲーミングマウス 小型 静音 高精度
"
"
ロジクール キーボード ワイヤレス 無線 フルサイズ 薄型 テンキー付 耐水 静音設計 USB接続 3年間無償保証ボード Unifying対応レシーバー採用 K270
","
ロジクール iPad 10.2 インチ 第8世代 第7世代 対応 トラックパッド付き キーボードケース Smart Connector 接続 Combo Touch iK1057BKA 英語配列 薄型 バックライト付き スマートコネクタ 国内正規品 2年間メーカー保証
"
"
エレコム キーボード 有線 メンブレン ブラック TK-FFCM01BK
","
SEENDA ワイヤレスキーボード マウスセット 日本語配列 静音 2.4G 無線キーボードマウス 3段調節可能DPI 充電式 フルサイズ Windows対応 スペースグレー
"
"
BFRIENDit 有線ＵＳＢキーボード 使いやすいフローティングキー 静音設計 高耐久性 極薄 ＰＣ用キーボード Windows 10/8 / 7 / Vista対応 KB1430 – ホワイト …
","
Logicool G ゲーミングマウス 無線 G603 HEROセンサー LIGHTSPEED ワイヤレス Bluetooth 接続対応 国内正規品
"
"
ゲーミングキーボード 有線 usb有線キーボード Windows/Mac OS対応 PC対応 25キー防衝突 106キー日本語配列 1680万色RGBバックライト 日本語説明書付き 防水 耐久性あり 6種類LED色変え 一年間メーカー保証(ブラック)
","
ゲーミングキーボード 有線 usb有線キーボード Windows/Mac OS対応 PC対応 25キー防衝突 106キー日本語配列 1680万色RGBバックライト 日本語説明書付き 防水 耐久性あり 6種類LED色変え 一年間メーカー保証(ブラック)
"
"
Ewin キーボード ワイヤレス bluetooth 小型 キーボード JIS基準 日本語配列 ios android Windows mac多システム対応 iphone ipad パソコン スマホ タブレット 三つデバイス自由に切替え 軽量 超薄型 一年間安心保証付き 日本語説明書 ブラック
","
ROCCAT VULCAN 120 AIMO RGB MECHANICA L GAMING KEYBOARD (正規保証品) ROC-12-441-BN
"
"
Matias Wired Aluminum keyboard USB接続 MAC配列/日本語カナあり 有線タイプ シルバー/ホワイト FK318S-JP
","
Ewin キーボード ワイヤレス bluetooth 小型 キーボード JIS基準 日本語配列 ios android Windows mac多システム対応 iphone ipad パソコン スマホ タブレット 三つデバイス自由に切替え 軽量 超薄型 一年間安心保証付き 日本語説明書 ブラック
"
"
Ewin@ Bluetooth ワイヤレス キーボード 超薄型 4種システム対応 Windows·Android·iOS·Mac適用 3台デバイスまでマルチペアリング可能 JIS基準日本語配列 日本語説明書付き (ブラック/Black)
","
ワイヤレス キーボード マウス セット 2.4GHz無線配列 USB充電 薄型設計 自動スタンバイ機能備え MAC OS、Windows10/8.1/7/XP/Vista、Linux、PS4、スマートTV対応
"
"
Apple Magic Keyboard （MLA22LL/A）+タッチパッド2 MJ2R2LL/A+Bluetoothマウス専用保護収納ケース-Hermitshell
","
METIS メカニカルキーボード 機械式 ゲーミングキーボード 61キー Bluetooth 無線 USB 有線 青軸 防水 充電式 LEDバックライト オフィス/ゲーミング用 英語配列 日本語取扱説明書 (61キー, 白色)
"
"
SEENDA ワイヤレスキーボード 2.4G 無線 充電式 静音 超薄 日本語配列 テンキー付きWindows 対応（スペースグレイ ）
","
ROCCAT Vulcan 122 AIMO RGB メカニカルゲーミングキーボード JP 日本語配列モデル 静音 リニア(赤軸相当) 国内正規品 ホワイト ドイツデザイン ROC-12-956-RD
"
"
Anker ウルトラスリム Bluetooth ワイヤレスキーボード iOS/Android/Mac/Windows対応/長時間稼働 ホワイト テレワーク リモート 在宅勤務
","
ゲーミングキーボード 有線 usb有線キーボード Windows/Mac OS対応 PC対応 25キー防衝突 106キー日本語配列 1680万色RGBバックライト 日本語説明書付き 防水 耐久性あり 6種類LED色変え 一年間メーカー保証(ブラック)
"
"
NPET ゲーミングキーボード LED バックライト 7色 防水 usb 26キー防衝突 キーボード 角度調節可能 2年間無償品質保証 キーキャッププーラー付き K10 更新版 (日本語配列(106キー))
","
マイクロソフト キーボード ワイヤレス/人間工学デザイン Sculpt Ergonomic Keyboard for Business USB Port 5KV-00006
"
"
ゲーミング キーボード マウス セット 日本語説明書付き RGB 片手ゲーミングキーボード メカニカル感触 ゲーミングマウス 最大6400DPI 光学式 USB有線 Fotomus
","
Logicool G ゲーミングキーボード 有線 G610BL 日本語配列 青軸 メカニカルキーボード 専用メディアコントロール カスタムボタンマクロ 国内正規品
"
"
Logicool G ゲーミングキーボード 有線 G213 パームレスト 日本語配列 メンブレン キーボード 静音  LIGHTSYNC RGB  国内正規品
","
BUFFALO USB接続 有線スタンダードキーボード ブラック BSKBU105BK【Windows/PS4/Nintendo Switch対応】
"
"
Logicool G ゲーミングマウス 有線 G203 ホワイト LIGHTSYNC RGB 6個プログラムボタン 85g軽量 G203-WH 国内正規品
","
ワイヤレス(2.4GHz)ミニキーボード 日本語JIS配列 タッチパッド搭載 USB充電式 マウスセット一体型 Ewin mini Wireless keyboard 多機能ボタン 無線 USB レシーバー付き 接続簡単!PC/Amazon fire TV/PS3/PS4/PS4 Pro/HTPC/IPTV/Android TVボックス等対応 【日本語説明書と1年保証付き】
"
"
ロジクール ワイヤレスキーボード K480WH Bluetooth キーボード ワイヤレス 無線 Windows Mac iOS Android Chrome K480 ホワイト 国内正規品 2年間無償保証
","
【令和2020最新版】キーボード Bluetooth 折りたたみ式 タッチパッド搭載 軽量 薄型 コンパクト 機能キー 省エネ ワイヤレスキーボード 64キー英文字配列 iphone/Android/Windows/Mac/iOS/iPadOS 13.1以降対応 スマホ用 USB充電
"
"
マイクロソフト Surface Pro タイプカバー ブラック FMM-00019　日本語キーボード
","
[iPad 10.2/10.5通用]Ewin® 新型 iPad キーボード ケース タッチパッド付き 一体式Bluetoothキーボード 超薄型 ipad 第７世代 ipad 第８世代 10.2 ipad pro 10.5 ipad air3 10.5対応 ワイヤレスキーボード pencil収納 日本語説明書付き (ブラック)
"
"
moshi Clearguard Air 13 Magic Keyboard (JIS) [日本語配列キーボード用] キーボードカバー (2020年発売のMacBook Air用(2019年以前のモデルには非対応))(製品登録で10年グローバル保証)
","
HAVIT ゲーミングキーボード LED バックライト有線 キーボード ゲームキーボードとマウスセット 日本語配列 HV-KB558CM(黒い)
"
"
ロジクール iPad Pro 11 インチ 第1世代 第2世代 対応 Bluetooth キーボード 英語配列 薄型 ケース 一体型 iK1174A バックライト付 国内正規品 2年間メーカー保証
","
ロジクール ワイヤレスマウス キーボード セット 無線 ワイヤレスコンボ MK345 国内正規品 2年間無償保証
"
"
ESC コンピューターキーボードスタンド & ノートパソコンスタンド – 調節可能な人間工学的角度/傾斜 – 2サイズのスタンド付属 – ほとんどのキーボードに対応 – 再配置可能なマイクログリップパッド (キーボードは含まれていません)(正規輸入品)
","
ロジクール キーボード ワイヤレス 無線 KX1000s bluetooth CRAFT Unifying Windows Mac ワイヤレスキーボード 薄型 国内正規品 2年間無償保証
"
"
サンワサプライ 有線USBキーボード 標準日本語配列 メンブレン ブラック SKB-L1UBK
","
ロジクール K840 メカニカルキーボード 108フルキー ROMER-G 26キー ロールオーバー　アルミニウム キーボード USB 有線　国内正規品 2年間無償保証
"
"
MOBO 折りたたみ型 Bluetooth 日本語配列 キーボード【 ブラック 】専用ケース兼スタンド付き 「 MOBO Keyboard 」 AM-KTF83J-GB
","
Arteck 2.4G ワイヤレスキーボード 無線ステンレススチール 軽量 フルサイズキーボード テンキー付き コンピューター、デスクトップ、PC、ラップトップ、Surface、スマートテレビ、Windows10/8/7、Vista、XPとの交換性あり 充電式電池内蔵
"
"
Apple Magic Keyboard (11インチiPad Pro - 第1世代と第2世代) - 日本語(JIS)
","
Corsair K95 RGB PLATINUM MX Speed 日本語ゲーミングキーボード [Cherry MX Speedキースイッチ採用] KB390 CH-9127014-JP
"
"
Macally ACEKEY-US ultraslim USB-A Keyboard for Mac US QWERTY Key Cap Layout
","
Riitekゲーミングキーボード マウス セット ゲーミングキーボード PS4キーボード 109日本語配列 4階段DPI ゲーミングマウス カラフルLEDバックライト19キー防衝突 仕事用/ゲーム用/オフィス/パソコン用キーボード防水仕様 PS4、Windows/Mac OS/VISTA/XLinuxなどシステムに対応 日本語説明書付き RK400【一年間品質保証】
"
"
Bluetooth キーボード スタンド一体 マルチデバイス ワイヤレス キーボード 英語US配列ワイヤレス 無線 パンタグラフ式 丸型キー 薄型 キーボード PC･タブレット･スマホ用Windows/Mac/iOS/Android対応/長時間稼働 ホワイト テレワーク リモート 在宅勤務【日本語取扱説明書と、 バッテリー付き】 (ピンク色.)
","
Ewin 新型 Bluetoothキーボード 折りたたみ式 157g 超軽量 薄型 レザーカバー 財布型 ワイヤレスキーボード USB 薄型 IOS/Android/Windows に対応 スマホ用 スタンド付 【日本語説明書と18月保証付き】(折りたたみ式, ブラック)
"
"
エレコム キーボード 有線 メンブレン コンパクトキーボード ブラック TK-FCM103XBK
","
eMedia eメディア Piano for Dummies 61-Key Keyboard Starter Pack【並行輸入品】
"
"
Logicool G ゲーミングキーボード 有線 G512 GXスイッチ クリッキー メカニカルキーボード 日本語配列 LIGHTSYNC RGB G512-CK 国内正規品
","
数字入力キーパッド＆マウス セット, 2.4Ｇ 無線 22キー ワイヤレス テンキーボード マウスセット 静音 数字キーパッド ラップトップ/PCに対応、 ただ一つのUSBで対応可能
"
"
SEENDA ワイヤレスキーボード マウスセット 日本語配列 静音 2.4G 無線キーボードマウス 3段調節可能DPI 充電式 フルサイズ Windows対応 スペースグレー
","
iClever キーボードワイヤレスキーボードマウスセット日本語配列 静音 超薄型 テンキー付き 無線2.4G キーボード マウス3段調節可能DPI 充電式 フルサイズ パソコンPC多機能対応Windows対応 Mac対応 シルバーホワイト
"
"
BUFFALO USB接続 有線スタンダードキーボード ブラック BSKBU105BK【Windows/PS4/Nintendo Switch対応】
","
Riitekゲーミングキーボード有線 PS4キーボード 106キー日本語配列 PC用キーボード マルチカラーレインボーLEDバックライト 19キー防衝突 仕事用/ゲーム用/オフィス/パソコン用キーボード防水仕様 Windows/Mac OS/VISTA/XLinuxなどシステムに対応 日本語説明書付き【一年間品質保証】 ブラック
"
"
Apple Magic Keyboard (12.9インチiPad Pro - 第3世代と第4世代) - 日本語(JIS)
","
iClever キーボード Bluetooth 日本語 JIS配列3台同時接続可能 テンキー付きフルサイズ 超薄型 ワイヤレス キーボード 静音設計 充電式 18月間無償保証 ラップトップ PC iPad用Windows Mac iOS Android対応 IC-BK22 シルバー
"
"
エレコム キーボード 【マウスセット】 ワイヤレス (レシーバー付属) メンブレン フルキーボード 1000万回高耐久 PlayStation4 対応 ブラック TK-FDM063BK
","
BUFFALO ワイヤレス 無線 フルキーボード 静音マウス セット 高耐久 電池長持ち リモート テレワーク 疲れにくいデザイン 簡単接続 安心サポート BSKBW125SBK
"
"
Kensington ErgoSoft リストレストfor Keyboard (スタンダード) K52799JP
","
Kensington ErgoSoft リストレストfor Keyboard (スタンダード) K52799JP
"
"
【Ewin】ミニ bluetooth キーボード Mini Bluetooth keyboard タッチパッドを搭載 バックライト付き　小型キーボード マウス 一体型 無線 USB レシーバー付き ブラック【日本語説明書付き】
","
Matias Wired Aluminum keyboard USB接続 MAC配列/日本語カナあり 有線タイプ シルバー/ホワイト FK318S-JP
"
"
ロジクール ワイヤレスキーボード K360r キーボード ワイヤレス 静音 無線 薄型 小型 テンキー付 Unifying 国内正規品 3年間無償保証
","
ロジクール ワイヤレスキーボード K360r キーボード ワイヤレス 静音 無線 薄型 小型 テンキー付 Unifying 国内正規品 3年間無償保証
"
"
ロジクール ワイヤレスマウス キーボード セット MK295GP 静音 防水 無線 USB接続 Unifying非対応 MK295 グラファイト 国内正規品 2年間無償保証
","
ロジクール ワイヤレスマウス キーボード セット MK295GP 静音 防水 無線 USB接続 Unifying非対応 MK295 グラファイト 国内正規品 2年間無償保証
"
"
ロジクール iPad 10.2 インチ 第8世代 第7世代 対応 トラックパッド付き キーボードケース Smart Connector 接続 Combo Touch iK1057BKA 英語配列 薄型 バックライト付き スマートコネクタ 国内正規品 2年間メーカー保証
","
ロジクール iPad 10.2 インチ 第8世代 第7世代 対応 トラックパッド付き キーボードケース Smart Connector 接続 Combo Touch iK1057BKA 英語配列 薄型 バックライト付き スマートコネクタ 国内正規品 2年間メーカー保証
"
"
Logicool G ゲーミングキーボード 有線 G910r タクタイル メカニカルキーボード 日本語配列 LIGHTSYNC RGB パームレスト G910 Spectrum 国内正規品
","
Logicool G ゲーミングキーボード 有線 G910r タクタイル メカニカルキーボード 日本語配列 LIGHTSYNC RGB パームレスト G910 Spectrum 国内正規品
"
"
サンワサプライ USBスリムキーボード パンタグラフ テンキー無し ブラック SKB-SL18BKN
","
サンワサプライ USBスリムキーボード パンタグラフ テンキー無し ブラック SKB-SL18BKN
"
"
在宅勤務 テレワーク mac キーボード 有線 コンパクト サイズ US配列 mac Windows兼用 静音性に優れたシザースイッチ（パンタグラフ) フルサイズ78キー (SLIMKEYCA)
","
在宅勤務 テレワーク mac キーボード 有線 コンパクト サイズ US配列 mac Windows兼用 静音性に優れたシザースイッチ（パンタグラフ) フルサイズ78キー (SLIMKEYCA)
"
"
iClever キーボード Bluetooth 日本語 JIS配列3台同時接続可能 テンキー付きフルサイズ 超薄型 ワイヤレス キーボード 静音設計 充電式 18月間無償保証 ラップトップ PC iPad用Windows Mac iOS Android対応 IC-BK22 シルバー
","
iClever キーボード Bluetooth 日本語 JIS配列3台同時接続可能 テンキー付きフルサイズ 超薄型 ワイヤレス キーボード 静音設計 充電式 18月間無償保証 ラップトップ PC iPad用Windows Mac iOS Android対応 IC-BK22 シルバー
"
"
エレコム キーボード 【マウスセット】 ワイヤレス (レシーバー付属) メンブレン フルキーボード 1000万回高耐久 PlayStation4 対応 ブラック TK-FDM063BK
","
エレコム キーボード 【マウスセット】 ワイヤレス (レシーバー付属) メンブレン フルキーボード 1000万回高耐久 PlayStation4 対応 ブラック TK-FDM063BK
"
"
Ewin® 最新型 iPad 10.2/10.5 キーボードケース 第7世代 2019モデル bluetoothキーボード ワイヤレス タッチパッド搭載 ロック可能 脱着式 JIS基準日本語配列 2台のiOSデバイス切り替え可能 ipad air3 ipad pro スマホ アイパッド 全面保護 軽量 オートスリープ keyboard スタンド機能付き 一年間安心保証付き 日本語説明書 ブラック
","
Ewin® 最新型 iPad 10.2/10.5 キーボードケース 第7世代 2019モデル bluetoothキーボード ワイヤレス タッチパッド搭載 ロック可能 脱着式 JIS基準日本語配列 2台のiOSデバイス切り替え可能 ipad air3 ipad pro スマホ アイパッド 全面保護 軽量 オートスリープ keyboard スタンド機能付き 一年間安心保証付き 日本語説明書 ブラック
"
"
【マルチペアリング】jp配列 Ewin キーボード ワイヤレス bluetooth 小型 静音 超薄型 軽量 スリム コンパクト us配列 日本語 jis配列 かな入力 ブルートゥース pc ノート パソコン アイ パッド iphone ipad スマホ タブレット surface thinkpad mac ios android Windows など対応 日本語説明書 テレワーク リモート 在宅勤務 在宅 ワーク ホワイト
","
【マルチペアリング】jp配列 Ewin キーボード ワイヤレス bluetooth 小型 静音 超薄型 軽量 スリム コンパクト us配列 日本語 jis配列 かな入力 ブルートゥース pc ノート パソコン アイ パッド iphone ipad スマホ タブレット surface thinkpad mac ios android Windows など対応 日本語説明書 テレワーク リモート 在宅勤務 在宅 ワーク ホワイト
"
"
Razer BlackWidow Elite JP Green Switch メカニカル ゲーミングキーボード 日本語配列 【日本正規代理店保証品】 RZ03-02620800-R3J1 ブラック
","
Razer BlackWidow Elite JP Green Switch メカニカル ゲーミングキーボード 日本語配列 【日本正規代理店保証品】 RZ03-02620800-R3J1 ブラック
"
"
ロジクール ワイヤレスキーボード K360r キーボード ワイヤレス 静音 無線 薄型 小型 テンキー付 Unifying 国内正規品 3年間無償保証
","
ロジクール ワイヤレスキーボード K360r キーボード ワイヤレス 静音 無線 薄型 小型 テンキー付 Unifying 国内正規品 3年間無償保証
"
"
ロジクール ワイヤレスマウス キーボード セット 無線 ワイヤレスコンボ MK270 [ M185 + K270 ]
","
ロジクール ワイヤレスマウス キーボード セット 無線 ワイヤレスコンボ MK270 [ M185 + K270 ]
"
"
eMedia eメディア Piano for Dummies 61-Key Keyboard Starter Pack【並行輸入品】
","
eMedia eメディア Piano for Dummies 61-Key Keyboard Starter Pack【並行輸入品】
"
"
Logicool G テンキーレス ゲーミングキーボード 無線 G913 GLスイッチ クリッキー 日本語配列 LIGHTSPEED ワイヤレス Bluetooth LIGHTSYNC RGB G913-TKL-CKBK 国内正規品
","
Logicool G テンキーレス ゲーミングキーボード 無線 G913 GLスイッチ クリッキー 日本語配列 LIGHTSPEED ワイヤレス Bluetooth LIGHTSYNC RGB G913-TKL-CKBK 国内正規品
"
"
エレコム キーボード 【マウスセット】 ワイヤレス (レシーバー付属) メンブレン フルキーボード ブラック TK-FDM106MBK
","
エレコム キーボード 【マウスセット】 ワイヤレス (レシーバー付属) メンブレン フルキーボード ブラック TK-FDM106MBK
"
"
BFRIENDit 有線ＵＳＢキーボード 使いやすいフローティングキー 静音設計 高耐久性 極薄 ＰＣ用キーボード Windows 10/8 / 7 / Vista対応 KB1430 – オレンジ … …
","
BFRIENDit 有線ＵＳＢキーボード 使いやすいフローティングキー 静音設計 高耐久性 極薄 ＰＣ用キーボード Windows 10/8 / 7 / Vista対応 KB1430 – オレンジ … …
"
"
ゲーミングキーボード 有線 usb有線キーボード Windows/Mac OS対応 PC対応 25キー防衝突 106キー日本語配列 1680万色RGBバックライト 日本語説明書付き 防水 耐久性あり 6種類LED色変え 一年間メーカー保証(ブラック)
","
ゲーミングキーボード 有線 usb有線キーボード Windows/Mac OS対応 PC対応 25キー防衝突 106キー日本語配列 1680万色RGBバックライト 日本語説明書付き 防水 耐久性あり 6種類LED色変え 一年間メーカー保証(ブラック)
"
"
HOKONUI ゲーミングキーボード 標準日本語配列 106キー メカニカルな触感 RGB1680万色 6種類LED色変え LEDバックライト 仕事用 ゲーム 防水 25キー防衝突 USBキーボード 有線 G38 (ZK-G038)
","
HOKONUI ゲーミングキーボード 標準日本語配列 106キー メカニカルな触感 RGB1680万色 6種類LED色変え LEDバックライト 仕事用 ゲーム 防水 25キー防衝突 USBキーボード 有線 G38 (ZK-G038)
"
"
Arteck 2.4G ワイヤレスキーボード 無線ステンレススチール 軽量 フルサイズキーボード コンピューター、デスクトップ、PC、ラップトップ、Surface、スマートテレビ、Windows10/8/7、Vista、XPとの交換性あり 充電式電池内蔵
","
Arteck 2.4G ワイヤレスキーボード 無線ステンレススチール 軽量 フルサイズキーボード コンピューター、デスクトップ、PC、ラップトップ、Surface、スマートテレビ、Windows10/8/7、Vista、XPとの交換性あり 充電式電池内蔵
"
"
HAVITメカニカル ゲーミングキーボード マウスセット、104キー虹色バックライト付きUSBキーボード 青軸 PCゲーマー コンピュータ ラップトップ用 有線4800DPI 7ボタンマウス PCコンピュータラップトップのみ KB393L
","
HAVITメカニカル ゲーミングキーボード マウスセット、104キー虹色バックライト付きUSBキーボード 青軸 PCゲーマー コンピュータ ラップトップ用 有線4800DPI 7ボタンマウス PCコンピュータラップトップのみ KB393L
"
"
Rockykey キーボード Bluetooth ワイヤレスキーボード 無線 bluetooth keyboard 薄型 静音設計 軽量 ブルートゥースキーボード ファンクションキー搭載 高級感 iOS/Android/Mac/Windows対応/長時間稼働 ブラック 簡単ペアリング
","
Rockykey キーボード Bluetooth ワイヤレスキーボード 無線 bluetooth keyboard 薄型 静音設計 軽量 ブルートゥースキーボード ファンクションキー搭載 高級感 iOS/Android/Mac/Windows対応/長時間稼働 ブラック 簡単ペアリング
"
"
マイクロソフト キーボード ワイヤレス/セキリュティ(暗号化機能搭載)/防滴 All-in-One Media Keyboard N9Z-00029
","
マイクロソフト キーボード ワイヤレス/セキリュティ(暗号化機能搭載)/防滴 All-in-One Media Keyboard N9Z-00029
"
"
HOKONUI ゲーミングキーボード 標準日本語配列 106キー メカニカルな触感 RGB1680万色 6種類LED色変え LEDバックライト 仕事用 ゲーム 防水 25キー防衝突 USBキーボード 有線 G38 (ZK-G038)
","
HOKONUI ゲーミングキーボード 標準日本語配列 106キー メカニカルな触感 RGB1680万色 6種類LED色変え LEDバックライト 仕事用 ゲーム 防水 25キー防衝突 USBキーボード 有線 G38 (ZK-G038)
"
"
VicTsing 無線(2.4GHz)キーボード&静音マウスセット 日本語配列全109キーワイヤレスキーボード ブラック【Windows/Mac/PS4対応】-24ケ月無償保証
","
VicTsing 無線(2.4GHz)キーボード&静音マウスセット 日本語配列全109キーワイヤレスキーボード ブラック【Windows/Mac/PS4対応】-24ケ月無償保証
"
"
ロジクール iPad iPhone キーボード ポータブル iK1042BKA ブラック Bluetooth 薄型 充電式 iPhoneスタンド付 ワイヤレス 無線 国内正規品 2年間無償保証
","
ロジクール iPad iPhone キーボード ポータブル iK1042BKA ブラック Bluetooth 薄型 充電式 iPhoneスタンド付 ワイヤレス 無線 国内正規品 2年間無償保証
"
"
ロジクール ワイヤレスキーボード K295GP 静音 防水 キーボード 無線 Unifying K295 windows chrome グラファイト 国内正規品 2年間無償保証
","
ロジクール ワイヤレスキーボード K295GP 静音 防水 キーボード 無線 Unifying K295 windows chrome グラファイト 国内正規品 2年間無償保証
"
"
ロジクール ワイヤレス マウス 無線 耐水設計キーボード セット MK235
","
ロジクール ワイヤレス マウス 無線 耐水設計キーボード セット MK235
"
"
Dell ワイヤレスキーボード・マウスセット KM636 ブラック
","
Dell ワイヤレスキーボード・マウスセット KM636 ブラック
"
"
Logicool ロジクール ワイヤレス タッチキーボード K400pBK
","
Logicool ロジクール ワイヤレス タッチキーボード K400pBK
"
"
Logicool G ゲーミングキーボード 無線 G913 GLスイッチ リニア メカニカルキーボード 静音 日本語配列 LIGHTSPEED ワイヤレス Bluetooth接続対応 LIGHTSYNC RGB G913-LN 国内正規品
","
Logicool G ゲーミングキーボード 無線 G913 GLスイッチ リニア メカニカルキーボード 静音 日本語配列 LIGHTSPEED ワイヤレス Bluetooth接続対応 LIGHTSYNC RGB G913-LN 国内正規品
"
"
ゲーミングキーボード 有線 106キー日本語配列 25キー防衝突 PC用キーボード RGB1680万色 6種類LED色変え 仕事用/ゲーム用 防水仕様 Windows/Mac OS対応 在宅勤務 日本語説明書付き【一年間品質保証】HOKONUI
","
ゲーミングキーボード 有線 106キー日本語配列 25キー防衝突 PC用キーボード RGB1680万色 6種類LED色変え 仕事用/ゲーム用 防水仕様 Windows/Mac OS対応 在宅勤務 日本語説明書付き【一年間品質保証】HOKONUI
"
"
Ewin キーボード ワイヤレス bluetooth 小型 キーボード JIS基準 日本語配列 ios android Windows mac多システム対応 iphone ipad パソコン スマホ タブレット 三つデバイス自由に切替え 軽量 超薄型 一年間安心保証付き 日本語説明書 ブラック
","
Ewin キーボード ワイヤレス bluetooth 小型 キーボード JIS基準 日本語配列 ios android Windows mac多システム対応 iphone ipad パソコン スマホ タブレット 三つデバイス自由に切替え 軽量 超薄型 一年間安心保証付き 日本語説明書 ブラック
"
"
NPET White ゲーミングキーボード LED バックライト 7色 防水 usb 26キー防衝突 キーボード 角度調節可能 2年間無償品質保証 キーキャッププーラー付き ホワイト K10-WH
","
NPET White ゲーミングキーボード LED バックライト 7色 防水 usb 26キー防衝突 キーボード 角度調節可能 2年間無償品質保証 キーキャッププーラー付き ホワイト K10-WH
"
"
Apple Smart Keyboard (12.9インチiPad Pro - 第3世代と第4世代) - 日本語(JIS)
","
Apple Smart Keyboard (12.9インチiPad Pro - 第3世代と第4世代) - 日本語(JIS)
"
"
ESC コンピューターキーボードスタンド & ノートパソコンスタンド – 調節可能な人間工学的角度/傾斜 – 2サイズのスタンド付属 – ほとんどのキーボードに対応 – 再配置可能なマイクログリップパッド (キーボードは含まれていません)(正規輸入品)
","
ESC コンピューターキーボードスタンド & ノートパソコンスタンド – 調節可能な人間工学的角度/傾斜 – 2サイズのスタンド付属 – ほとんどのキーボードに対応 – 再配置可能なマイクログリップパッド (キーボードは含まれていません)(正規輸入品)
"
"
ロジクール ワイヤレスキーボード K780 Bluetooth Unifying ワイヤレス 無線 キーボード windows mac Chrome iOS Android 国内正規品 2年間無償保証
","
ロジクール ワイヤレスキーボード K780 Bluetooth Unifying ワイヤレス 無線 キーボード windows mac Chrome iOS Android 国内正規品 2年間無償保証
"
"
PFU Happy Hacking Keyboard Lite2 for Mac 日本語配列かな印字なし USBキーボード Mac専用モデル ホワイト PD-KB220MA
","
PFU Happy Hacking Keyboard Lite2 for Mac 日本語配列かな印字なし USBキーボード Mac専用モデル ホワイト PD-KB220MA
"
"
Hanmir キーボード Bluetooth ワイヤレスキーボード 無線 bluetooth keyboard 薄型 静音設計 軽量 ブルートゥースキーボード ファンクションキー搭載 高級感 iOS/Android/Mac/Windows対応/長時間稼働 ブラック簡単ペアリング
","
Hanmir キーボード Bluetooth ワイヤレスキーボード 無線 bluetooth keyboard 薄型 静音設計 軽量 ブルートゥースキーボード ファンクションキー搭載 高級感 iOS/Android/Mac/Windows対応/長時間稼働 ブラック簡単ペアリング
"
"
DUCKY ゲーミングキーボード One 2 Mini RGB 60％ version シルバー軸(英語配列) dk-one2-rgb-mini-silver-rat ［USB /有線］
","
DUCKY ゲーミングキーボード One 2 Mini RGB 60％ version シルバー軸(英語配列) dk-one2-rgb-mini-silver-rat ［USB /有線］
"
"
ロジクール 快適人間工学マウス&静音キーボード ワイヤレスコンボ MK545 パームレスト チルトレッグ搭載 耐水設計 長電池寿命 高耐久性 Unifying接続
","
ロジクール 快適人間工学マウス&静音キーボード ワイヤレスコンボ MK545 パームレスト チルトレッグ搭載 耐水設計 長電池寿命 高耐久性 Unifying接続
"
"
CASIO 光ナビゲーション・キーボード LK-58
","
CASIO 光ナビゲーション・キーボード LK-58
"
"
ROCCAT Vulcan TKL コンパクトメカニカル RGB ゲーミングキーボード JP 日本語配列モデル 静音 リニア(赤軸相当) テンキーレス 国内正規品 ドイツデザイン ROC-12-285
","
ROCCAT Vulcan TKL コンパクトメカニカル RGB ゲーミングキーボード JP 日本語配列モデル 静音 リニア(赤軸相当) テンキーレス 国内正規品 ドイツデザイン ROC-12-285
"
"
Apple Smart Keyboard (11インチiPad Pro - 第1世代と第2世代) - 日本語(JIS)
","
Apple Smart Keyboard (11インチiPad Pro - 第1世代と第2世代) - 日本語(JIS)
"
"
Logicool G ゲーミングマウス 有線 G203 ホワイト LIGHTSYNC RGB 6個プログラムボタン 85g軽量 G203-WH 国内正規品
","
Logicool G ゲーミングマウス 有線 G203 ホワイト LIGHTSYNC RGB 6個プログラムボタン 85g軽量 G203-WH 国内正規品
"
"
Romu ゲーミングキーボード 有線 106キー日本語配列 25キー防衝突 PC用キーボード RGB1680万色 6種類LED色変え 仕事用/ゲーム用 防水仕様 在宅勤務 Windows/Mac OS対応 日本語説明書付き【一年間品質保証】 (ブラック)
","
Romu ゲーミングキーボード 有線 106キー日本語配列 25キー防衝突 PC用キーボード RGB1680万色 6種類LED色変え 仕事用/ゲーム用 防水仕様 在宅勤務 Windows/Mac OS対応 日本語説明書付き【一年間品質保証】 (ブラック)
"
"
BFRIENDit 有線ＵＳＢキーボード 使いやすいフローティングキー 静音設計 高耐久性 極薄 ＰＣ用キーボード Windows 10/8 / 7 / Vista対応 KB1430 – ホワイト …
","
BFRIENDit 有線ＵＳＢキーボード 使いやすいフローティングキー 静音設計 高耐久性 極薄 ＰＣ用キーボード Windows 10/8 / 7 / Vista対応 KB1430 – ホワイト …
"
"
Razer Cynosa V2 JP ゲーミングキーボード 日本語配列 メンブレン 静音 個別バックライトキー Chroma RGB 防滴設計 【日本正規代理店保証品】 RZ03-03401500-R3J1
","
Razer Cynosa V2 JP ゲーミングキーボード 日本語配列 メンブレン 静音 個別バックライトキー Chroma RGB 防滴設計 【日本正規代理店保証品】 RZ03-03401500-R3J1
"
"
Urworthltd メカニカル ゲーミングキーボードセット 青軸 有線 87キー 全キー 防衝突 ハニカムデザイン 軽量6400DPI プログラム可能 マウスパッド付き RGBバックライト キーボードマウスセット ドライバー コンパクト mini (ピンク)
","
Urworthltd メカニカル ゲーミングキーボードセット 青軸 有線 87キー 全キー 防衝突 ハニカムデザイン 軽量6400DPI プログラム可能 マウスパッド付き RGBバックライト キーボードマウスセット ドライバー コンパクト mini (ピンク)
"
"
2.4GHz ミニ 無線キーボード マウス コンボ ，ワイヤレスキーボード マウス セット，薄型 対応USB接続採用 パソコン ノートパソコン スマートTV Windows10/8/7 Macに対応 (白色)
","
2.4GHz ミニ 無線キーボード マウス コンボ ，ワイヤレスキーボード マウス セット，薄型 対応USB接続採用 パソコン ノートパソコン スマートTV Windows10/8/7 Macに対応 (白色)
"
"
【日本語配列】HyperX Alloy Core RGB ゲーミングキーボード ゲーマー向け LEDバックライト 耐水性 2年保証 HX-KB5ME2-JP
","
【日本語配列】HyperX Alloy Core RGB ゲーミングキーボード ゲーマー向け LEDバックライト 耐水性 2年保証 HX-KB5ME2-JP
"
"
Bluetoothキーボード ワイヤレスキーボード ブルートゥース キーボード iPad キーボード キーボード 電池式 コンパクト 軽量 小型 mac ios android Windows 対応 オンライン授業 テレワーク
","
Bluetoothキーボード ワイヤレスキーボード ブルートゥース キーボード iPad キーボード キーボード 電池式 コンパクト 軽量 小型 mac ios android Windows 対応 オンライン授業 テレワーク
"
"
Corsair K70 RGB MK.2 RAPIDFIRE MX Speed Keyboard -日本語キーボード ゲーミングキーボード KB442 CH-9109014-JP
","
Corsair K70 RGB MK.2 RAPIDFIRE MX Speed Keyboard -日本語キーボード ゲーミングキーボード KB442 CH-9109014-JP
"
"
SEENDA ワイヤレスキーボード マウスセット USB充電式 コンパクト 軽量 超薄 小型 スリム 無線キーボード 静音マウス 持ち運び便利 日本語配列
","
SEENDA ワイヤレスキーボード マウスセット USB充電式 コンパクト 軽量 超薄 小型 スリム 無線キーボード 静音マウス 持ち運び便利 日本語配列
"
"
ロジクール ワイヤレスマウス キーボード セット MK295GP 静音 防水 無線 USB接続 Unifying非対応 MK295 グラファイト 国内正規品 2年間無償保証
","
ロジクール ワイヤレスマウス キーボード セット MK295GP 静音 防水 無線 USB接続 Unifying非対応 MK295 グラファイト 国内正規品 2年間無償保証
"
"
Logicool G ゲーミングキーボード 無線 G613 LIGHTSPEED ワイヤレス Bluetooth接続対応 タクタイル メカニカルキーボード 日本語配列 パームレスト 国内正規品
","
Logicool G ゲーミングキーボード 無線 G613 LIGHTSPEED ワイヤレス Bluetooth接続対応 タクタイル メカニカルキーボード 日本語配列 パームレスト 国内正規品
"
"
ロジクール ワイヤレスキーボード K230 キーボード ワイヤレス 静音 無線 薄型 小型 テンキー付 Unifying 国内正規品 3年間無償保証
","
ロジクール ワイヤレスキーボード K230 キーボード ワイヤレス 静音 無線 薄型 小型 テンキー付 Unifying 国内正規品 3年間無償保証
"
"
Razer Huntsman Tournament Edition - Linear Optical Switch ゲーミングキーボード 英語US配列 超高速1.0mm作動 リニア触感 テンキーレス【日本正規代理店保証品】 RZ03-03080100-R3M1
","
Razer Huntsman Tournament Edition - Linear Optical Switch ゲーミングキーボード 英語US配列 超高速1.0mm作動 リニア触感 テンキーレス【日本正規代理店保証品】 RZ03-03080100-R3M1
"
"
Ewin® 最新型 iPad 10.2/10.5 キーボードケース 第7世代 2019モデル bluetoothキーボード ワイヤレス タッチパッド搭載 ロック可能 脱着式 JIS基準日本語配列 2台のiOSデバイス切り替え可能 ipad air3 ipad pro スマホ アイパッド 全面保護 軽量 オートスリープ keyboard スタンド機能付き 一年間安心保証付き 日本語説明書 ブラック
","
Logicool G ゲーミングキーボード テンキーレス G913 TKL ホワイト LIGHTSPEED ワイヤレス タクタイル 静音 日本語配列 G913-TKL-TCWH 国内正規品 2年間メーカー保証
"
"
Logicool G ゲーミングキーボード 有線 G610BL 日本語配列 青軸 メカニカルキーボード 専用メディアコントロール カスタムボタンマクロ 国内正規品
","
GT20片手メカニカルゲーミングキーボードとマウスの組み合わせ、青色スイッチ付きRGB有線メカニカルキーボードと呼吸光付きマウス、マクロ定義、プログラム可能なキーボードとマウス、日本語マニュアル付き
"
