computer,iphone
【中古】 ゲーミングPC デスクトップパソコン 24型ワイド液晶セット eX.computer Core i7 4790 メモリ8GB 新品SSD256GB GeForce GTX 1650 USB3.0 Windows10 Pro 64bit Kingsoft WPS Office付き eSports e-Sports イースポーツ TSUKUMO ツクモ,【楽天1位獲得】iphone SE 第2世代 iphone11 pro max iphonexs x xr iphone8 Plus 7 プラス 6s 5s 5 ガラスフィルム 日本製 ガイド枠付 保護フィルム アイフォン11 プロ マックス XR 8 6s iPod touch 6 7 8 スマホ ガラスフィルム シズカウィル(shizukawill) iPhone se2 2020
【中古】 ゲーミングPC デスクトップパソコン 24型ワイド液晶セット eX.computer Core i7 6700 メモリ8GB 新品SSD512GB GeForce GTX 1650 USB3.0 Windows10 Pro 64bit Kingsoft WPS Office付き eSports e-Sports イースポーツ TSUKUMO ツクモ,iPhone8 64GB SIMフリー 4.7インチ Retina HDディスプレイ Touch ID 中古スマホ アップル APPLE 中古アイフォン 本体のみ apple アップル 白ロム
【店内全品5%OFFクーポン】【中古】 中古パソコン デスクトップパソコン MOUSE COMPUTER LUV MACHINES Slim iHAS410 LM-iHS410SD-SH-MA Corei5 9400 2.9GHz メモリ8GB SATA1TB+SSD120GB Sマルチ Win10Home【1年保証】【TG】【ヤマダ電機 グループ】,iPhone7 32GB キャリア版 白ロム 4.7インチ Retina HDディスプレイ Touch ID 中古スマホ アップル APPLE 中古アイフォン 本体のみ apple アップル
TSUKUMO eX.computer G-GEAR note N1545Kシリーズ [15.6インチ] 機種で使える シリコン製キーボードカバー キーボード保護 メール便送料無料,特典付【即納可能】【保護ガラス付】【新品・未使用】iPhone7 32GB SIMフリー 白ロム 【ローズ/ゴールド/シルバー/ブラック/ジェット/レッド】【動作確認済】【あす楽対応】【RCP】アイフォン 本体★カード決済エラーは即キャンセル★
TSUKUMO eX.computer G-GEAR note N1586Jシリーズ [15.6インチ] 機種で使える 強化 ガラスフィルム と 同等の 高硬度9H ブルーライトカット 光沢タイプ 改訂版 液晶保護フィルム メール便送料無料,iPhone7 32GB キャリア版 白ロム 4.7インチ Retina HDディスプレイ Touch ID 中古スマホ アップル APPLE 中古アイフォン 本体のみ apple アップル
TSUKUMO eX.computer G-GEAR note N1565Jシリーズ [15.6インチ] 機種で使える 透過率96％ クリア光沢 液晶保護フィルム と キーボードカバー セット キーボード保護 メール便送料無料,【即日発送】【新品・未使用】SIMフリー iPhone8 64GB ゴールド 白ロム本体【送料無料】【スマホ専門販売店】
TSUKUMO eX.computer G-GEAR note N1583Jシリーズ [15.6インチ] 機種で使える 強化 ガラスフィルム と 同等の 高硬度9H ブルーライトカット 光沢タイプ 改訂版 液晶保護フィルム メール便送料無料,【即日発送】【中古】Bランク SIMフリー iPhone8 64GB PRODUCT レッド 白ロム本体【送料無料】【スマホ専門販売店】
【中古】 ゲーミングPC デスクトップパソコン 24型ワイド液晶セット eX.computer Core i7 4790 メモリ8GB 新品SSD256GB GeForce GTX 1650 USB3.0 Windows10 Pro 64bit Kingsoft WPS Office付き eSports e-Sports イースポーツ TSUKUMO ツクモ,特典付【即納可能】【保護ガラス付】【新品・未開封】iPhone7 32GB SIMフリー 白ロム 【6色展開】【あす楽対応】【RCP】アイフォン 本体★カード決済エラーは即キャンセル★
【中古】 ゲーミングPC デスクトップパソコン eX.computer Core i7 4790 メモリ8GB 新品SSD256GB GeForce GTX 1650 USB3.0 Windows10 Pro 64bit Kingsoft WPS Office付き eSports e-Sports イースポーツ TSUKUMO ツクモ,【即日発送】【新品・未使用】SIMフリー iPhone8 64GB スペースグレイ 白ロム本体【送料無料】【スマホ専門販売店】
【中古】 ゲーミングPC デスクトップパソコン 24型ワイド液晶セット eX.computer Core i7 6700 メモリ8GB 新品SSD512GB GeForce GTX 1650 USB3.0 Windows10 Pro 64bit Kingsoft WPS Office付き eSports e-Sports イースポーツ TSUKUMO ツクモ,iPhone8 64GB SIMフリー 4.7インチ Retina HDディスプレイ Touch ID 中古スマホ アップル APPLE 中古アイフォン 本体のみ apple アップル 白ロム
mouse computer LB-D704S-A Core i7 2670QM 2.2GHz/8GB/1TB/Blu-ray/17.3W/FHD(1920x1080)/Win10/GT540M 液晶ライン抜け【中古】【20201002】,【即日発送】【中古】美品 SIMフリー iPhone7 32GB ゴールド 白ロム本体【送料無料】【スマホ専門販売店】
【中古】 ゲーミングPC デスクトップパソコン eX.computer Core i7 6700 メモリ8GB 新品SSD512GB GeForce GTX 1650 USB3.0 Windows10 Pro 64bit Kingsoft WPS Office付き eSports e-Sports イースポーツ TSUKUMO ツクモ,【楽天年間ランキング1位】Lightning ケーブル 認証品 充電 iPhone 充電器 ライトニングケーブル 1m 1.5m 2m 15cm 50cm 純正品質 MFi 11 X 8 7 iPad apple アップル 断線 丈夫 細い 【メール便専用】長期保証 ポイント消化 年間ランキング2019 集計期間2018/9/25~2019/9/24
マウスコンピューター mouse computer ADP-65JH HB 19V 3.42A ACアダプター 電源 対応 純正同様 世界大手メーカー DELTA 製 外径 5.5mm 内徑 2.5mm 送料無料 【注意:プラグ 5.5mm 2.5mmの機種のみ】,【即日発送】【中古】Bランク SIMフリー iPhone8 64GB ゴールド 白ロム本体【送料無料】【スマホ専門販売店】
TSUKUMO eX.computer G-GEAR note N1564Jシリーズ [15.6インチ] 機種で使える ブルーライトカット 液晶保護フィルム 液晶カバー 液晶シート 送料無料 メール便,【即納・在庫あり】【新品・未使用品】iPhone 8 64GB [シルバー]SIMロック解除済　白ロムJAN:4547597992210
TSUKUMO eX.computer note N1422K シリーズ [14インチ] 機種で使える キーボードカバー キーボード保護 メール便送料無料,【即日発送】【新品・未使用】SIMフリー iPhone11 128GB レッド 白ロム本体【送料無料】【スマホ専門販売店】
TSUKUMO eX.computer G-GEAR note N1586Jシリーズ [15.6インチ] 機種で使える ブルーライトカット 液晶保護フィルム 液晶カバー 液晶シート 送料無料 メール便,iPhone7 128GB キャリア版 白ロム 4.7インチ Retina HDディスプレイ Touch ID 中古スマホ アップル APPLE 中古アイフォン 本体のみ apple アップル
TSUKUMO eX.computer G-GEAR note N1545Kシリーズ [15.6インチ] 機種用 大型冷却ファン搭載 ノートPCスタンド 折り畳み式 パソコンスタンド 4段階調整 メール便送料無料,【即日発送】【中古】Bランク SIMフリー iPhoneX 256GB シルバー 白ロム本体【送料無料】【スマホ専門販売店】
TSUKUMO eX.computer note N1542Jシリーズ [15.6インチ] ブルーライトカット 液晶保護フィルム 液晶カバー 液晶シート 送料無料 メール便,【即日発送】【新品・未使用】SIMフリー iPhone11 Pro 512GB スペースグレイ 白ロム本体【送料無料】【スマホ専門販売店】
TSUKUMO eX.computer note N1502Kシリーズ [15.6インチ] 機種で使える 3WAYノートPCバッグ と クリア光沢 液晶保護フィルム シリコンキーボードカバー 3点セット キャリングケース 保護フィルム メール便送料無料,【即日発送】【新品・未使用】SIMフリー iPhone7 32GB シルバー 白ロム本体【送料無料】【スマホ専門販売店】
TSUKUMO eX.computer note N1430J シリーズ [14インチ] 機種用 ポータブルPCファンクーラー ダブル静音ファン 折り畳み式 冷却ファン メール便送料無料,【あす楽、土日、祝日も発送】新品未使用品【Sランク】国内版SIMフリー iPhone11 64GB ブラック 本体 新品 送料無料 MWLT2J/A Apple 1001000018892693
TSUKUMO eX.computer note N1422K シリーズ [14インチ] 機種用 のぞき見防止 覗き見防止 プライバシー フィルター ブルーライトカット 反射防止 液晶保護 メール便送料無料,未使用 【SIMロック解除済】iPhoneXR A2106 (MT062J/A) 64GB レッド au スマホ 白ロム 本体 送料無料【当社6ヶ月保証】【中古】 【 携帯少年 】
TSUKUMO eX.computer note TSNB14UP1シリーズ [14.1インチ] 機種用 のぞき見防止 覗き見防止 プライバシー フィルター ブルーライトカット 反射防止 液晶保護 メール便送料無料,【楽天1位獲得】iphone 12 ガラスフィルム 2020 ブルーライトカット 11 Pro Max 全面保護 フィルム 強化ガラスフィルム 強化ガラス保護フィルム 液晶保護フィルム iphone 12 12pro 12promax 12mini se se2
TSUKUMO eX.computer note N1420Kシリーズ [14インチ] 機種で使える 反射防止 ノングレア 液晶保護フィルム と シリコンキーボードカバー セット メール便送料無料,【新品未開封品】iphone7 simフリー 32GB silver 赤ロム永久保証
TSUKUMO eX.computer G-GEAR note N1586Jシリーズ [15.6インチ] 機種で使える キーボードカバー キーボード保護 メール便送料無料,Apple iPhone SE 第二世代 iphonese 256GB SIMフリー アップル アイフォン スマートフォン[ブラック]MXVU2J/A 新品 未開封[ラッピング可]
TSUKUMO eX.computer G-GEAR note N1565Jシリーズ [15.6インチ] 機種で使える 3WAYノートPCバッグ と 反射防止 液晶保護フィルム シリコンキーボードカバー 3点セット キャリングケース 保護フィルム メール便送料無料,【即日発送】【新品・未使用】SIMフリー iPhone11 64GB イエロー 白ロム本体【送料無料】【スマホ専門販売店】
TSUKUMO eX.computer note N1430J シリーズ [14インチ] 機種で使える シリコン製キーボードカバー キーボード保護 メール便送料無料,【即日発送】【中古】Cランク SIMフリー iPhone8 256GB スペースグレイ 【中古】Cランク SIMフリー本体【送料無料】【スマホ専門販売店】
TSUKUMO eX.computer note N1502Kシリーズ [15.6インチ] 機種で使える シリコン製キーボードカバー キーボード保護 メール便送料無料,【即日発送】【新品・未使用】SIMフリー iPhone11 Pro 64GB シルバー 白ロム本体【送料無料】【スマホ専門販売店】
TSUKUMO eX.computer note N1503Kシリーズ [15.6インチ] 機種用 ポータブルPCファンクーラー ダブル静音ファン 折り畳み式 冷却ファン メール便送料無料,【あす楽、土日、祝日も発送】新品未開封品【Nランク】国内版SIMフリー iPhone8 64GB ゴールド 本体 新品 送料無料 A1906 MQ7A2J/A Apple
TSUKUMO eX.computer G-GEAR note N1570Kシリーズ [15.6インチ] 機種で使える 強化 ガラスフィルム と 同等の 高硬度9H ブルーライトカット 光沢タイプ 改訂版 液晶保護フィルム メール便送料無料,iPhoneSE ケース 第2世代 【前後ガラス+覗き見防止】iphone11 ケース iphone11 pro ケース iphone 11 pro max iphone xr ケース iPhone XS ケース iPhone XS max ケース iphone x iphone8/7Plus ケース スマホケース 覗見防止 両面 マグネット iphoneケース 全面保護
TSUKUMO eX.computer G-GEAR note N1584Jシリーズ [15.6インチ] 機種で使える 強化 ガラスフィルム と 同等の 高硬度9H ブルーライトカット クリア光沢 液晶保護フィルム メール便送料無料,iPhoneSE 第2世代 ケース 手帳型 iPhone11 ケース 手帳 iphone se ケース se2 スマホケース iPhone8 ケース iPhone7 iPhoneXR 手帳型ケース iPhone11Pro ProMax iPhoneXS XSMax X iPhone8Plus 7Plus iPhone6s Plus iPhone5 5s iphoneケース アイフォンSE カバー スマホ 携帯
TSUKUMO eX.computer note N1422K シリーズ [14インチ] 機種用 ポータブルPCファンクーラー ダブル静音ファン 折り畳み式 冷却ファン メール便送料無料,【即日発送】【新品・未使用】SIMフリー iPhone7 128GB ブラック 白ロム本体【送料無料】【スマホ専門販売店】
TSUKUMO eX.computer note N1421Kシリーズ [14インチ] 機種用 ポータブルPCファンクーラー ダブル静音ファン 折り畳み式 冷却ファン メール便送料無料,【即日発送】【中古】美品 SIMフリー iPhoneXR 128GB ブラック 白ロム本体【送料無料】【スマホ専門販売店】
TSUKUMO eX.computer G-GEAR note N1565Jシリーズ [15.6インチ] 機種用 大型冷却ファン搭載 ノートPCスタンド 折り畳み式 パソコンスタンド 4段階調整 メール便送料無料,【即日発送】【中古】Bランク SIMフリー iPhone SE 32GB ローズゴールド 白ロム本体【送料無料】【スマホ専門販売店】
TSUKUMO eX.computer G-GEAR note N1585Jシリーズ [15.6インチ] 機種で使える 透過率96％ クリア光沢 液晶保護フィルム と シリコンキーボードカバー セット 保護フィルム キーボード保護 メール便送料無料,【即日発送】【中古】Bランク SIMフリー iPhone8 256GB スペースグレイ 白ロム本体【送料無料】【スマホ専門販売店】
TSUKUMO eX.computer note N1430J シリーズ [14インチ] 機種で使える 透過率96％ クリア光沢 液晶保護フィルム と キーボードカバー セット メール便送料無料,白ロム au 未使用 【SIMロック解除済】iPhone8 64GB A1906 (MQ7A2J/A) ゴールド 【2018】【当社6ヶ月保証】 スマホ 中古 本体 送料無料【中古】 【 中古スマホとタブレット販売のイオシス 】
TSUKUMO eX.computer note N1504K シリーズ [15.6インチ] 機種用 のぞき見防止 覗き見防止 プライバシー フィルター ブルーライトカット 反射防止 液晶保護 メール便送料無料,【即日発送】【新品・未使用】SIMフリー iPhone11 Pro 256GB ゴールド 白ロム本体【送料無料】【スマホ専門販売店】
TSUKUMO eX.computer note N1422K シリーズ [14インチ] 機種用 ウェブカメラカバー と 反射防止 液晶保護フィルム セット メール便送料無料,【楽天ランキング1位】iphone 充電 ケーブル 純正品質 アイフォン 充電ケーブル iphone充電ケーブル ライトニングケーブル USBケーブル 充電器 apple認証 アップル mfi認証 1m 2m 15cm 50cm MFi iPhone 11 Pro Max X XS XR 8 7 6 Plus iPad 対応 送料無料
TSUKUMO eX.computer G-GEAR note N1563Jシリーズ [15.6インチ] 機種で使える 強化 ガラスフィルム と 同等の 高硬度9H ブルーライトカット クリア光沢 液晶保護フィルム メール便送料無料,【楽天1位獲得】iPhone SE2 ガラスフィルム 全面保護 iPhone8 iPhone7 保護フィルム iPhone11Pro iPhone11 iPhone11ProMax iPhoneXR iPhoneXS ガラスフィルム iPhone 11 Pro Max XS 8 7 6s Plus SE(第二世代) 2020 Rakuten Mini 強化 ガラス フィルム 9H 3D 全面 フルカバー
TSUKUMO eX.computer note N1421Kシリーズ [14インチ] 機種で使える 3WAYノートPCバッグ と 反射防止 液晶保護フィルム シリコンキーボードカバー 3点セット キャリングケース メール便送料無料,【即日発送】【中古】美品 SIMフリー iPhoneXs 256GB スペースグレイ 白ロム本体【送料無料】【スマホ専門販売店】
TSUKUMO eX.computer note N1505K シリーズ [15.6インチ] 機種で使える 反射防止 ノングレア 液晶保護フィルム と キーボードカバー セット メール便送料無料,【楽天1位獲得】iphone SE 第2世代 iphone11 pro max iphonexs x xr iphone8 Plus 7 プラス 6s 5s 5 ガラスフィルム 日本製 ガイド枠付 保護フィルム アイフォン11 プロ マックス XR 8 6s iPod touch 6 7 8 スマホ ガラスフィルム シズカウィル(shizukawill) iPhone se2 2020
TSUKUMO eX.computer note N1505K シリーズ [15.6インチ] 機種で使える 透過率96％ クリア光沢 液晶保護フィルム と シリコンキーボードカバー セット メール便送料無料,【即日発送】【中古】美品 SIMフリー iPhoneXR 64GB ホワイト 白ロム本体【送料無料】【スマホ専門販売店】
TSUKUMO eX.computer note N1504K シリーズ [15.6インチ] 機種で使える 反射防止 ノングレア 液晶保護フィルム と シリコンキーボードカバー セット メール便送料無料,【即日発送】【中古】美品 SIMフリー iPhoneXR 64GB レッド 白ロム本体【送料無料】【スマホ専門販売店】
TSUKUMO eX.computer note N1420Kシリーズ [14インチ] 機種で使える 反射防止 ノングレア 液晶保護フィルム と キーボードカバー セット メール便送料無料,白ロム au 未使用 【SIMロック解除済】iPhone8 64GB A1906 (MQ792J/A) シルバー【2018】【当社6ヶ月保証】 スマホ 中古 本体 送料無料【中古】 【 中古スマホとタブレット販売のイオシス 】
TSUKUMO eX.computer note N1420Kシリーズ [14インチ] 機種用 ポータブルPCファンクーラー ダブル静音ファン 折り畳み式 冷却ファン メール便送料無料,白ロム au 未使用 【SIMロック解除済】iPhone8 64GB A1906 (MQ782J/A) スペースグレイ【2018】【当社6ヶ月保証】 スマホ 中古 本体 送料無料【中古】 【 中古スマホとタブレット販売のイオシス 】
TSUKUMO eX.computer note N1503Kシリーズ [15.6インチ] 機種で使える 透過率96％ クリア光沢 液晶保護フィルム と シリコンキーボードカバー セット キーボード保護 メール便送料無料,【10%OFFクーポン配布中】【楽天1位獲得】 iPhone ガラスフィルム 保護フィルム iPhoneSE (第二世代) 11 Pro max iPhone8 iPhone7 XR XS SE X 6s 6 plus iPhone12 フィルム 10H ガラスザムライ アイフォン iPod touch 液晶保護フィルム iPhone SE2 2020
TSUKUMO eX.computer note N1501Kシリーズ [15.6インチ] ブルーライトカット 指紋防止 液晶保護フィルム と キーボードカバー セット 保護フィルム キーボード保護 メール便送料無料,【即日発送】【新品・未使用】SIMフリー iPhone6s 32GB シルバー 白ロム本体【送料無料】【スマホ専門販売店】
TSUKUMO eX.computer note TSNB14UP1シリーズ [14.1インチ] 機種で使える 強化 ガラスフィルム と 同等の 高硬度9H ブルーライトカット クリア光沢 液晶保護フィルム メール便送料無料,【即日発送】【中古】美品 SIMフリー iPhone7 32GB ブラック 白ロム本体【送料無料】【スマホ専門販売店】
TSUKUMO eX.computer note N1504K シリーズ [15.6インチ] 機種で使える 3WAYノートPCバッグ と 反射防止 液晶保護フィルム シリコンキーボードカバー 3点セット キャリングケース メール便送料無料,【最大3000円OFFクーポン配布中★10/12(月)14：00まで】ヴィヴィアン ウエストウッド iPhone7/8 スマートフォンケース Vivienne Westwood 53020053 10256 O212 ブランド小物 ダービー DERBY TECH ACCESS FLAP IPHONE CASE レディース ANDREAS FLOWERS(アンドレアスフラワー)
【中古】 ゲーミングPC デスクトップパソコン eX.computer Core i7 6700 メモリ8GB 新品SSD512GB GeForce GTX 1650 USB3.0 Windows10 Pro 64bit Kingsoft WPS Office付き eSports e-Sports イースポーツ TSUKUMO ツクモ,iPhone8 64GB キャリア版 白ロム 4.7インチ Retina HDディスプレイ Touch ID 中古スマホ アップル APPLE 中古アイフォン 本体のみ apple アップル
【中古】 ゲーミングPC デスクトップパソコン eX.computer Core i7 4790 メモリ8GB 新品SSD256GB GeForce GTX 1650 USB3.0 Windows10 Pro 64bit Kingsoft WPS Office付き eSports e-Sports イースポーツ TSUKUMO ツクモ,[DESIGN SKIN/デザインスキン] iPhone 11/11P/11PM/SE2/6/7/8/X/XS ベアポケットケース / スマホケース 韓国 携帯ケース【楽天海外直送】
マウスコンピューター mouse computer ADP-65JH HB 19V 3.42A ACアダプター 電源 対応 純正同様 世界大手メーカー DELTA 製 外径 5.5mm 内徑 2.5mm 送料無料 【注意:プラグ 5.5mm 2.5mmの機種のみ】,iPhone7 128GB キャリア版 白ロム 4.7インチ Retina HDディスプレイ Touch ID 中古スマホ アップル APPLE 中古アイフォン 本体のみ apple アップル
TSUKUMO eX.computer G-GEAR note N1563Jシリーズ [15.6インチ] 機種で使える 強化 ガラスフィルム と 同等の 高硬度9H ブルーライトカット クリア光沢 液晶保護フィルム メール便送料無料,【最大3000円OFFクーポン配布中★10/12(月)14：00まで】ヴィヴィアン ウエストウッド iPhone7/8 スマートフォンケース Vivienne Westwood 53020053 10256 O212 ブランド小物 ダービー DERBY TECH ACCESS FLAP IPHONE CASE レディース ANDREAS FLOWERS(アンドレアスフラワー)
TSUKUMO eX.computer note N1421Kシリーズ [14インチ] 機種で使える 3WAYノートPCバッグ と 反射防止 液晶保護フィルム シリコンキーボードカバー 3点セット キャリングケース メール便送料無料,iphone11 ケース 手帳 iphonese2ケース 手帳型 第2世代 phone8ケース iphone xr 手帳型ケース Xs アイフォン8ケース アイフォン11 pro max iphonexr 10r se2 iphoneX ケース カバー iphoneケース 薄型 おしゃれ
TSUKUMO eX.computer note N1505K シリーズ [15.6インチ] 機種で使える 3WAYノートPCバッグ と 反射防止 液晶保護フィルム シリコンキーボードカバー 3点セット キャリングケース メール便送料無料,【即日発送】【新品・未使用】SIMフリー iPhone11 Pro 64GB グリーン 白ロム本体【送料無料】【スマホ専門販売店】
TSUKUMO eX.computer note N1421Kシリーズ [14インチ] 機種で使える シリコン製キーボードカバー キーボード保護 メール便送料無料,【最大3000円OFFクーポン配布中★10/12(月)14：00まで】ケイトスペード iPhoneX/XS スマートフォンケース kate spade 8ARU6186 917 ブランド小物 アイフォンケース IPHONE CASES SYLVIA MAGNETIC FOLIO レディース HIBTEAMULT ピンク/オレンジ マルチ【 送料無料】
TSUKUMO eX.computer note TSNB14UP1シリーズ [14.1インチ] 機種用 ポータブルPCファンクーラー ダブル静音ファン 折り畳み式 冷却ファン メール便送料無料,【即日発送】【中古】Cランク SIMフリー iPhone7 256GB ジェットブラック 【中古】Cランク SIMフリー本体【送料無料】【スマホ専門販売店】
TSUKUMO eX.computer note N1503Kシリーズ [15.6インチ] 機種で使える 3WAYノートPCバッグ と 反射防止 液晶保護フィルム シリコンキーボードカバー 3点セット キャリングケース 保護フィルム メール便送料無料,【即日発送】【中古】Cランク SIMフリー iPhone7 32GB シルバー 【中古】Cランク SIMフリー本体【送料無料】【スマホ専門販売店】
TSUKUMO eX.computer G-GEAR note N1570Kシリーズ [15.6インチ] 機種で使える 透過率96％ クリア光沢 液晶保護フィルム と シリコンキーボードカバー セット 保護フィルム キーボード保護 メール便送料無料,【即日発送】【中古】Cランク SIMフリー iPhone7 32GB ブラック 【中古】Cランク SIMフリー本体【送料無料】【スマホ専門販売店】
TSUKUMO eX.computer note N1430J シリーズ [14インチ] 機種で使える 強化ガラス同等 高硬度9H 液晶保護フィルム と キーボードカバー セット メール便送料無料,【最大3000円OFFクーポン配布中★10/12(月)14：00まで】ケイトスペード iPhoneXS MAX スマートフォンケース kate spade 8ARU6436 717 ブランド小物 アイフォンケース IPHONE CASES BURGESS COURT GLITTER レディース ROSE GOLD(ローズゴールド) ローズゴールド/ブラック 黒【
TSUKUMO eX.computer G-GEAR note N1564Jシリーズ [15.6インチ] 機種で使える 強化 ガラスフィルム と 同等の 高硬度9H ブルーライトカット クリア光沢 液晶保護フィルム メール便送料無料,【即日発送】【中古】Cランク SIMフリー iPhone8 64GB ゴールド 【中古】Cランク SIMフリー本体【送料無料】【スマホ専門販売店】
TSUKUMO eX.computer note N1542Jシリーズ N1542J-510/E [15.6インチ] 機種で使える 強化 ガラスフィルム と 同等の 高硬度9H ブルーライトカット クリア光沢 液晶保護フィルム メール便送料無料,【即日発送】【中古】Cランク SIMフリー iPhone7 128GB ブラック 【中古】Cランク SIMフリー本体【送料無料】【スマホ専門販売店】
TSUKUMO eX.computer G-GEAR note N1564Jシリーズ [15.6インチ] 機種用 大型冷却ファン搭載 ノートPCスタンド 折り畳み式 パソコンスタンド 4段階調整 メール便送料無料,【縁まで滑らか】iPhone 11 Pro Max ガラスフィルム iPhoneX SE 2020 XR フィルム ガラス iPhone8 保護フィルム iPhone Xs Max 全面保護 iPhone7 iPhone6 iPhone6s 7Plus 8Plus 6Plus フルカバー 気泡無し 貼りやすい 指紋防止 覗き見防止 鏡面 鏡 抗菌 ブルーライトカット
TSUKUMO eX.computer G-GEAR note N1570Kシリーズ [15.6インチ] 機種で使える 3WAYノートPCバッグ と クリア光沢 液晶保護フィルム シリコンキーボードカバー 3点セット キャリングケース 保護フィルム メール便送料無料,【あす楽、土日、祝日も発送】新品未開封品【Nランク】国内版SIMフリー iPhone11 Pro Max 256GB スペースグレイ MWHJ2J/A 本体 新品 送料無料 あす楽 グレー Apple 4549995083699
TSUKUMO eX.computer note N1421Kシリーズ [14インチ] 機種で使える ブルーライトカット 指紋防止 液晶保護フィルム と キーボードカバー セット メール便送料無料,Apple MD826AM/A Lightning - Digital AVアダプタ デジタル アップル 純正品 送料無料 【SK02642】
TSUKUMO eX.computer note N1430J シリーズ [14インチ] 機種用 USB3.0 スリム4ポート ハブ と 反射防止 液晶保護フィルム セット メール便送料無料,【HUKURO】iPhone 手帳型 ケース iphone11 pro ケース iphone11 pro max ケース iphone11 ケース 本革 栃木レザー メンズ レディース おしゃれ カード iphone xs max ケース iphone xr ケース iphone8 plus ケース iphoneケース 右手 左手 日本製 送料無料
TSUKUMO eX.computer G-GEAR note N1564Jシリーズ [15.6インチ] 機種で使える 強化 ガラスフィルム と 同等の 高硬度9H ブルーライトカット クリア光沢 液晶保護フィルム メール便送料無料,【最大3000円OFFクーポン配布中★10/12(月)14：00まで】マークジェイコブス iPhoneXS/iPhoneX スマートフォンケース MARC JACOBS M0015902 400 ブランド小物 シリコンフォーンケース SILICONE PHONE CASE スマートフォン カバー XS レディース BLUE(ブルー) ブルー 青/ホワイ
TSUKUMO eX.computer note N1422K シリーズ [14インチ] 機種で使える 反射防止 ノングレア 液晶保護フィルム と キーボードカバー セット メール便送料無料,【最大3000円OFFクーポン配布中★10/12(月)14：00まで】ポールスミス iPhone7 Plus/iPhone8 Plus スマートフォンケース PAUL SMITH M1A 5572 A40011 92 ブランド小物 シグネチャーストライプ SIGNATURE STRIPE IPHONE 7+/8+ CASE メンズ MULTI マルチ【 送料無料】
TSUKUMO eX.computer note N1420Kシリーズ [14インチ] 機種で使える 3WAYノートPCバッグ と クリア光沢 液晶保護フィルム シリコンキーボードカバー 3点セット キャリングケース メール便送料無料,【即日発送】【中古】Cランク SIMフリー iPhone6s 64GB ゴールド 【中古】Cランク SIMフリー本体【送料無料】【スマホ専門販売店】
TSUKUMO eX.computer note N1501Kシリーズ [15.6インチ] 機種で使える 強化 ガラスフィルム と 同等の 高硬度9H ブルーライトカット 光沢タイプ 改訂版 液晶保護フィルム メール便送料無料,【最大3000円OFFクーポン配布中★10/12(月)14：00まで】ケイトスペード iPhone11Pro スマートフォンケース kate spade 8ARU6704 131 ブランド小物 アイフォン ケース IPHONE CASES NYC LIQUID レディース CLEAR MULTI(クリアマルチ) マルチカラー【 送料無料】
TSUKUMO eX.computer G-GEAR note N1582Jシリーズ N1582J-500/E [15.6インチ] 機種で使える 強化 ガラスフィルム と 同等の 高硬度9H ブルーライトカット 光沢タイプ 改訂版 液晶保護フィルム メール便送料無料,「新品 未使用 白ロム」simフリー iPhone XS Max 256GB Space Gray MT6U2J/A [正規ロック解除済][Apple/アップル][アイフォン]
TSUKUMO eX.computer note N1505K シリーズ [15.6インチ] 機種用 のぞき見防止 覗き見防止 プライバシー フィルター ブルーライトカット 反射防止 液晶保護 メール便送料無料,iPhone ケーブル 純正品質 ライトニングケーブル apple認証 充電器 充電ケーブル iphoneケーブル 2m 1m 50cm 15cm アイフォン iPhoneX XS XE iPhone8 7 6s Plus iPad USB Lightning USBケーブル Apple アップル 高速 高耐久 丈夫 断線 急速充電 MFi認証 保証 送料無料
TSUKUMO eX.computer note N1544Jシリーズ [15.6インチ] 機種で使える シリコン製キーボードカバー キーボード保護 メール便送料無料,【公式】iFace 透明 クリアケース iPhone8 iPhoneSE 第2世代 se2 iPhone11 11pro 11promax ケース XR XS X XSMax 6s 8Plus 7 Reflection 強化ガラス【 iphoneXS Max iphoneXR iphone 7 8 se2 クリア スマホケース アイフェイス iphoneケース カバー ガラス 耐衝撃 】
TSUKUMO eX.computer note TSNB14UP1シリーズ [14.1インチ] 機種で使える 3WAYノートPCバッグ と クリア光沢 液晶保護フィルム シリコンキーボードカバー 3点セット キャリングケース メール便送料無料,【楽天3位獲得】2m×3本セット iPhone 充電 ケーブル タイプc ケーブル iPhone USB ケーブル 充電 アイフォン ケーブル iPhone 充電器 iPhone 11 iPhone 11 Pro iPhone 11 Pro Max iPhone XR iPhone 8 7 Plus iPad mini Air 超高耐久 データ転送 Switch usb type-c ケーブル
TSUKUMO eX.computer note N1421Kシリーズ [14インチ] 機種で使える 強化 ガラスフィルム同等 高硬度9H 液晶保護フィルム と キーボードカバー セット メール便送料無料,【マラソン限定P10倍+10%OFFクーポン】【高評価レビュー1900件超】 プロジェクター 小型 家庭用 スマホ dvd モバイルプロジェクター 3300ルーメン ホームシアター テレビ TV dvd 有線接続 iPhone 接続 高画質 アイフォン PC ゲーム パソコン USB SD iPad 映画
TSUKUMO eX.computer G-GEAR note N1564Jシリーズ [15.6インチ] 機種で使える 反射防止 ノングレア 液晶保護フィルム と キーボードカバー セット キーボード保護 メール便送料無料,【最大3000円OFFクーポン配布中★10/12(月)14：00まで】ケイトスペード iPhoneX/iPhoneXS スマートフォンケース kate spade 8ARU6384 245 ブランド小物 アイフォンケース IPHONE CASES LEOPARD MAGNETIC FOLIO レディース NATURAL MULTI(ナチュラル マルチ) ブラウン系 茶系
TSUKUMO eX.computer G-GEAR note N1545Kシリーズ [15.6インチ] 機種で使える ブルーライトカット 液晶保護フィルム 液晶カバー 液晶シート 送料無料 メール便,【最大3000円OFFクーポン配布中★10/12(月)14：00まで】ケイトスペード iPhoneX/XS スマートフォンケース kate spade 8ARU6243 974 ブランド小物 アイフォンケース IPHONE CASES GENTLE PANDA STRIPE レディース MULTI(マルチ) ピンク/オレンジ マルチ【 送料無料】
TSUKUMO eX.computer note N1503Kシリーズ [15.6インチ] 機種で使える 3WAYノートPCバッグ と クリア光沢 液晶保護フィルム シリコンキーボードカバー 3点セット キャリングケース 保護フィルム メール便送料無料,◆ポイントUP◆《国内版SIMフリー》【新品未使用（開封済）】 iPhone 11 Pro 64GB　[スペースグレイ]　MWC22J/A 白ロム Apple 5.8インチ（SIMフリー）
TSUKUMO eX.computer G-GEAR note N1565Jシリーズ [15.6インチ] 機種で使える 強化 ガラスフィルム と 同等の 高硬度9H ブルーライトカット クリア光沢 液晶保護フィルム メール便送料無料,★メール便送料無料★【ガラスフィルム 全面保護 フィルム iPhone11pro iPhone11 pro iPhone11promax iPhone8 iPhoneXS iPhoneXSMax iPhoneXR iPhoneX iphone x plus 強化ガラスフィルム 全面 保護フィルム】ガラスフィルム {1}
TSUKUMO eX.computer G-GEAR note N1582Jシリーズ N1582J-500/E [15.6インチ] 機種で使える 強化 ガラスフィルム と 同等の 高硬度9H ブルーライトカット クリア光沢 液晶保護フィルム メール便送料無料,【即日発送】【中古】美品 SIMフリー iPhone11 Pro 64GB スペースグレイ 白ロム本体【送料無料】【スマホ専門販売店】
TSUKUMO eX.computer note N1504K シリーズ [15.6インチ] 機種用 ポータブルPCファンクーラー ダブル静音ファン 折り畳み式 冷却ファン メール便送料無料,【20%OFFクーポン＠4日20:00〜11日1:59】イタリアンレザー 主要全機種対応 本革 手帳型スマホケース 「KOALA ベルト交換システムタイプ」 イタリア プッチーニ社 右利き 左利き シンプル iPhone 11 pro MAX PLUS Xperia Galaxy AQUOS メール便送料無料 ギフト
TSUKUMO eX.computer G-GEAR note N1584Jシリーズ [15.6インチ] ブルーライトカット 液晶保護フィルム 液晶カバー 液晶シート 送料無料 メール便,【即日発送】【新品本体のみ】SIMフリー iPhone11 Pro Max 256GB ゴールド 白ロム本体【送料無料】【スマホ専門販売店】
TSUKUMO eX.computer G-GEAR note N1570Kシリーズ [15.6インチ] 機種用 大型冷却ファン搭載 ノートPCスタンド 折り畳み式 パソコンスタンド 4段階調整 メール便送料無料,【最大3000円OFFクーポン配布中★10/12(月)14：00まで】マークジェイコブス iPhoneXR スマートフォンケース MARC JACOBS M0015931 722 ブランド小物 シリコンフォーンケース SILICONE PHONE CASE スマートフォン カバー XR レディース SUN(サン) イエロー 黄/ホワイト【
TSUKUMO eX.computer NVIDIA Quadroモデル 機種の付属キーボードで使える キーボードカバー キーボード保護 メール便送料無料,iPhone8 ケース iPhone XR ケース iPhoneケース 7 アイフォン iPhoneXR iPhoneXS iPhoneX iPhone7 ケース カバー かわいい 大理石 艶 マーブル ストーン ツヤ dm「グロスストーン」
TSUKUMO eX.computer G-GEAR note N1586Jシリーズ [15.6インチ] 機種で使える 透過率96％ クリア光沢 液晶保護フィルム と キーボードカバー セット キーボード保護 メール便送料無料,iPhone11 ケース 手帳 手帳型ケース 第2世代 iPhone SE ケース se2 iphone8 iphone11pro max iPhone XR XS iPhone x iphone7ケース iphone6s 新型 se iphoneケース アイフォン11 手帳型スマホケース アイフォンse おしゃれ 第二世代 iphonexs iphonese2 アイフォン7 手帳型
TSUKUMO eX.computer note N1503Kシリーズ [15.6インチ] 機種で使える 反射防止 ノングレア 液晶保護フィルム と シリコンキーボードカバー セット キーボード保護 メール便送料無料,【最大3000円OFFクーポン配布中★10/12(月)14：00まで】ケイトスペード iPhone XS Max スマートフォンケース kate spade 8ARU6021 040 ブランド小物 アイフォンケース IPHONE CASES MIRROR OMBRE レディース SILVER シルバー 銀【 送料無料】
TSUKUMO eX.computer G-GEAR note N1545Kシリーズ [15.6インチ] 機種用 ポータブルPCファンクーラー ダブル静音ファン 折り畳み式 冷却ファン メール便送料無料,【11/XR対応】エジュー ajew 通販 一部11月上旬予約 ajew cadenas zipphone case shoulder iphone11 ケース 11 イレブン iphoneXR テンアール iphoneケース レザー ストラップ ひも付き ショルダー 小銭入れ 小物 ICカード 人気 ac201900711
TSUKUMO eX.computer G-GEAR note N1545Kシリーズ [15.6インチ] 機種で使える 3WAYノートPCバッグ と 反射防止 液晶保護フィルム シリコンキーボードカバー 3点セット キャリングケース 保護フィルム メール便送料無料,CREAM SODAクリームソーダ◆CSファイヤー柄手帳型iPhoneケース◆PD19GS-16・17・18・19
TSUKUMO eX.computer G-GEAR note N1570Kシリーズ [15.6インチ] 機種で使える 反射防止 ノングレア 液晶保護フィルム と キーボードカバー セット 保護フィルム キーボード保護 メール便送料無料,"Anker PowerLine+ II Lightning Cableケーブル (3ft), MFi Certified for Flawless Compatibility with iPhone XS/XS Max/XR/X / 8 / 8 Plus / 7 / 7 Plus / 6 / 6 Plus / 5 / 5S and More()"
TSUKUMO eX.computer G-GEAR note N1584Jシリーズ [15.6インチ] 大型冷却ファン搭載 ノートPCスタンド 折り畳み式 パソコンスタンド 4段階調整 メール便送料無料,【最大3000円OFFクーポン配布中★10/12(月)14：00まで】ケイトスペード iPhoneXS MAX スマートフォンケース kate spade 8ARU6151 428 ブランド小物 アイフォンケース IPHONE CASES JEWELED WILDFLOWER レディース NAVYMULTI(ネイビーマルチ) ネイビー 紺/マルチ【 送料無
TSUKUMO eX.computer note N1505K シリーズ [15.6インチ] 機種で使える 3WAYノートPCバッグ と クリア光沢 液晶保護フィルム シリコンキーボードカバー 3点セット キャリングケース メール便送料無料,【楽天2位】ACアダプター モバイルバッテリー 2in1 充電器 iPhone 軽量 USB ACアダプタ 【残量表示】USB 充電器 大容量 プラグ付 急速充電 コンセント USB電源アダプター スマホ PSE認証済 2.4A iPhoneX iPhone11 GalaxyS8 台風 地震対策 黒 白
TSUKUMO eX.computer G-GEAR note N1562Jシリーズ N1562J-710/E [15.6インチ] 機種で使える 強化 ガラスフィルム と 同等の 高硬度9H ブルーライトカット クリア光沢 液晶保護フィルム メール便送料無料,スマートウォッチ レディース スマートウォッチ android　iphone 対応 防水 日本語 通話 心拍計 活動量計 歩数計 腕時計 自動睡眠監視 目覚まし時計 温度 サイズ調整 メタルカラー 縦 ディスプレイ タッチボタン タップ デジタル時計 【宅配コン送料無料】
TSUKUMO eX.computer note N1504K シリーズ [15.6インチ] 機種で使える 強化 ガラスフィルム同等 高硬度9H 液晶保護フィルム と キーボードカバー セット メール便送料無料,【2台同時充電可能】【楽天1位獲得】ワイヤレス充電器 スマホスタンド ホルダー角度と高さ調整可能 Qi ワイヤレスチャージャー 急速 置くだけ充電 アイフォーン スタンド機能 卓上 折りたたみiPhone11 iPhone11 iPhoneXs MAX iPhoneXR iPhone se2 iphoneスタンド AirPods
TSUKUMO eX.computer note N1503Kシリーズ [15.6インチ] 機種で使える 反射防止 ノングレア 液晶保護フィルム と キーボードカバー セット キーボード保護 メール便送料無料,軽量 柔らかフレーム 耐衝撃 両面強化ガラス 360度保護フルガード TPU アイフォン 第2世代 iphone se ケース iPhone11 ケース iPhone11 Pro ケース iPhone Xr ケース iPhoneケース iPhone 12 11 Pro MaX xs x ケース カバー ブランド かわいい
TSUKUMO eX.computer note N1544Jシリーズ [15.6インチ] 機種用 大型冷却ファン搭載 ノートPCスタンド 折り畳み式 パソコンスタンド 4段階調整 メール便送料無料,スマホケース 手帳型 全機種対応 ベルトなし 高級 レザー iPhone11 ケース iPhoneSE(第2世代) iPhone11 Pro Max iPhoneXS iPhoneXR iPhone8 ケース Xperia AQUOS arrows Galaxy Google SE2 アイフォン 送料無料 新機種 iphone12
TSUKUMO eX.computer note N1504K シリーズ [15.6インチ] 機種で使える ブルーライトカット 指紋防止 液晶保護フィルム と キーボードカバー セット メール便送料無料,【最大3000円OFFクーポン配布中★10/12(月)14：00まで】マークジェイコブス iPhoneXR スマートフォンケース MARC JACOBS M0014747 768 ブランド小物 スナップショット SNAPSHOT スマートフォン カバー XR レディース BRIGHT YELLOW MULTI(ブライトイエローマルチ) イエロー/
TSUKUMO eX.computer G-GEAR note N1586Jシリーズ [15.6インチ] 機種で使える 反射防止 ノングレア 液晶保護フィルム と シリコンキーボードカバー セット キーボード保護 メール便送料無料,iPhone ケーブル データ伝送ケーブル 長さ0.25m 0.5m 1m 1.5m 急速充電 充電器 USBケーブル iPad iPhone用充電ケーブル iPhone XS Max iPhone XR iPhone 8 7 Plus 6s SE iPad mini Air 超高耐久 データ転送ケーブル 断線しにくい ゆうパケット 送料無料
