パンを焼く,コンセントを増やす,キーボード,スイッチ,スマブラ,羽なし扇風機
マーナ　トーストスチーマー／MARNA,AVラック　共栄商事(AURORA)　テーブルMタイプ(高さ850mm)　M-TV85M,ロジクール ワイヤレス イルミネートキーボード K800t 無線 キーボード ワイヤレス 超薄型 Unifying windows K800 薄型 国内正規品 3年間無償保証,【即日発送】【新品】【送料無料】Nintendo Switch Lite　イエロー グレー　ターコイズ 2019年9月新モデル　任天堂 ニンテンドー スイッチ　ライト　4色,大乱闘スマッシュブラザーズ SPECIAL Nintendo Switch HAC-P-AAABA,ハンディファン 羽根なしブレードレスファン ハンディ 卓上 2way 風量3段階 スマホスタンド###羽無し扇風機X9S###
冷凍デニッシュ生地 家庭で美味しく焼けるデニッシュ アップルデニッシュ ハムデニッシュ くるみデニッシュ チョコデニッシュ オーブントースターで焼けるパン トースターで焼けるパン プロの味が家庭で焼けるパン お家でパンを焼く パンを焼く動画,アジャスタブルテーブル　共栄商事(AURORA)　テーブルMタイプ(高さ850mm)　HA-M66,ロジクール アドバンスド ワイヤレスキーボード KX800 MX KEYS 充電式 bluetooth Unifying Windows Mac FLOW ワイヤレス 無線 キーボード 国内正規品 2年間無償保証,8Bitdo Zero2 Gamepad ニンテンドースイッチ対応　Windows SWITCH スイッチ パソコン 携帯 スマホ アンドロイド 対応 ワイヤレス コントローラー 無線 Cyberplugs,任天堂　Nintendo 大乱闘スマッシュブラザーズ SPECIAL【Switch ニンテンドー スイッチ ソフト スマブラ】,ネックファン 充電式 扇風機 首かけ 充電式ネックファン 羽根なし 扇風機 ポータブル 扇風機 肩がけ ネッククーラー 熱中症対策 扇風器 携帯 持ち運び ハンディファン より ハンズフリー で便利 髪の毛が巻き込まれにくい 屋外作業 アウトドア スポーツ 送料無料 羽なし
ショップ限定『ステンレス製平天板』＆『パンをサクッと焼く魔法の銅板』セット【ステンレス板】【オーブン用天板】【パンの銅板】【平天板】【ハード系パン】【パン作り】【銅板】【クープが開かない】【クープが割れない】,AVラック　共栄商事(AURORA)　テーブルMタイプ(高さ665mm)　M-65M,ロジクール ワイヤレスキーボード K380 無線 キーボード 薄型 小型 Bluetooth ワイヤレス windows mac K380BK K380BL K380RD K380OW K380RO 国内正規品 2年間無償保証,8Bitdo-Lite Gamepad ニンテンドースイッチ対応　Windows対応 SWITCH スイッチ パソコン ワイヤレス コントローラー 連射機能 無線 Cyberplugs,【Switch】大乱闘スマッシュブラザーズ SPECIAL 任天堂 [HAC-P-AAABA NSWスマブラ],羽根なし扇風機 羽無し ハンディファン ポータブル扇風機 USB 充電式 ミニ扇風機 アウトドア スタンド ハンディ 卓上 小型 軽量 手持ち 送風機 夏 おしゃれ
ショップ限定270サイズ丸天板用　『パンをサクッと焼く魔法の銅板』【オーブン用天板】【銅板】【パンの銅板】【クープが開かない】【クープが割れない】【ハード系】【フランスパン】【製パン道具】【パン作り】【パン型】,AVラック　共栄商事(AURORA)　テーブルMタイプ(高さ850mm)　M-TV85M,【ふるさと納税】東プレ　コンピューターキーボードC　Realforce RGB　(型式：R2A-JP4G-BK AEAZ05）,【新品】新型モデル Nintendo Switch ニンテンドースイッチ 本体 Joy-Con (L) ネオンブルー/ (R) ネオンレッド,大乱闘スマッシュブラザーズ SPECIAL Nintendo Switch HAC-P-AAABA,【ポイント10倍実施中】サーキュレーター ホット＆クールファン 風量5段階 羽根なしサーキュレーター ドライ扇風機 ヒーター 衣類乾燥 リモコン タイマー付き DCモーター YAR-ZD171 HOT ＆ COOL 送風 乾燥 暖房 冷房 山善 YAMAZEN 【送料無料】
【中古】 国産小麦でパンを焼く おいしくて安全 / 農文協 / 農山漁村文化協会 [単行本]【メール便送料無料】【あす楽対応】,アジャスタブルテーブル　共栄商事(AURORA)　テーブルMタイプ(高さ850mm)　HA-M66,【楽天1位】キーボード Bluetooth 5.1 ワイヤレス iPad 第8世代 第7世代 キーボード 日本語＆英語配列 ブルートゥース 軽量 小型 静音 スリム us jis配列 iPhone スマホ タブレット Mac/iOS/Android /Windows応 2020 10.2 スマホ ノートPC iPhone SE 在宅 ワーク 送料無料,新型 Nintendo Switch ニンテンドースイッチ 本体 Joy-Con (L) ネオンブルー/ (R) ネオンレッド 任天堂 ゲーム機 プレゼント ギフト 家族 ファミリー [ラッピング対応]MZK,大乱闘スマッシュブラザーズ SPECIAL,スリム扇風機 冷風機 スリムタワーファン 羽なし扇風機 リモコン機能 静音 自然風 速冷 タイマー機能 省エネ 首振り 熱中対策 自宅用/事務室用/寝室 高齢者・妊婦・子供に最適 100V
【中古】 楽健寺酵母でパンを焼く りんご＋にんじん＋長いも＋ごはんで天然酵母 / 山内 宥厳 / 農山漁村文化協会 [単行本]【メール便送料無料】【あす楽対応】,AVラック　共栄商事(AURORA)　テーブルMタイプ(高さ665mm)　M-65M,エレコム 無線薄型フルキーボード 無線 薄型 フル キーボード ワイヤレス メンブレン式 無線キーボード フルサイズ ブラック TK-FDM110TBK,【新品 印無し】Nintendo Switch あつまれ どうぶつの森セット 本体 任天堂 ニンテンドー スイッチ 任天堂 ニンテンドー スイッチ,【中古】大乱闘スマッシュブラザーズ SPECIALソフト:ニンテンドーSwitchソフト／任天堂キャラクター・ゲーム,【もれなくP5倍★本日12:00〜23:59】 扇風機 おしゃれ スリム タワー dc 送料無料 リモコン 縦型 タワー型 dcモーター リビング タワーファン タワー扇風機 リビングファン リビング扇風機 スリムファン リモコン付き 首振り 節電 省エネ AND・DECO アンドデコ
【中古】 90分でおいしいパンを焼く / 竹野 豊子 / 講談社 [単行本]【メール便送料無料】【あす楽対応】,,【ふるさと納税】東プレ　コンピューターキーボードA　(型式：R2TLA-JPV-IV AHAZ06),新N【新モデル】新型Nintendo Switch Joy-Con(L) ネオンブルー/(R) ネオンレッド【2019年8月発売モデル】【バッテリー持続時間が長くなったモデル】任天堂 4902370542912 HAD-S-KABAA,【新品】NSW 大乱闘スマッシュブラザーズ SPECIAL【送料無料・メール便発送のみ】（着日指定・代金引換発送は出来ません。),【ポイント最大44倍】スリムタワーファン 羽根なし 扇風機 タワーファン おしゃれ タワー型扇風機 風量調整9段階 静音 DCモーター 左右首振り 安全 安心設計 タッチセンサー タイマー機能 リモコン付 省エネ設計 ブレードレス扇風機 エアコン 冷暖房の効率アップ
【中古】 白神こだま酵母でパンを焼く 国産小麦がふんわりやわらか / 大塚 せつ子 / 農山漁村文化協会 [単行本（ソフトカバー）]【メール便送料無料】【あす楽対応】,,ロジクール ワイヤレスキーボード K270 K275 無線 薄型 テンキー 耐水 Unifying キーボード ワイヤレス windows 国内正規品 3年間無償保証,Nintendo Switch 本体 グレー 任天堂 ニンテンドースイッチ HAD-S-KAAAA 新型モデル あり ■◇,在庫あり[メール便OK]【新品】【NS】大乱闘スマッシュブラザーズ SPECIAL【RCP】,〔一部値引きー300円〕限定NEWカラー登場［30日保証］【扇風機 首かけ 首掛け ネックファン 2020 首かけ扇風機 首掛け扇風機 ハンズフリーファン 羽なし ハンディファン ハンズフリー ネッククーラー 首掛けファン】★宅配便送料無料★ 360度冷却 ネックバンドファン
【中古】 めちゃおいしいパンを焼く / 竹野 豊子 / 主婦の友社 [文庫]【メール便送料無料】【あす楽対応】,,ロジクール ワイヤレスキーボード K275,[新品] 任天堂 新型Nintendo Switch Joy-Con(L)/(R) グレー 4902370542905 新型スイッチ,【中古】スマブラ スペシャル/大乱闘スマッシュブラザーズ SPECIAL Nintendo Switch ニンテンドースイッチ HAC-P-AAABA/ 中古 ゲーム,ブレードレス扇風機 タワー型 羽根なし扇風機 スタイリッシュで省スペース
白神こだま酵母でパンを焼く 国産小麦がふんわりやわらか [ 大塚せつ子 ],,【ふるさと納税】東プレ　コンピューターキーボードD　Realforce RGB TKL　(型式：R2TLA-JP4G-BK AFAZ05）,[新品] 任天堂 新型Nintendo Switch JOY-CON(L) ネオンブルー/(R) ネオンレッド 4902370542912 スイッチ,任天堂 SWITCHゲームソフト 大乱闘スマッシュブラザーズ　SPECIAL,【1年間品質保証】サーキュレーター 首振り 上下左右 壁掛け 羽根なし扇風機 7段階風量切替 リモコン付き 羽なし 卓上 扇風機 ファン 安心 安全 3色なら選べる
【中古】 自家製酵母でパンを焼く 四季おりおり ／相田百合子(著者) 【中古】afb,,【楽天1位】キーボード bluetooth 5.1 ワイヤレス キーボード 日本語配列 jis配列 小型 軽量 静音 スリム コンパクト ブルートゥース ipad スマホ タブレット パソコン アイ パッド Mac/iOS / Android /Windows対応 最大3台のマルチペアリング 日本語説明書,【即日発送】【新品未開封】NintendoSwitch Joy-Con(L)ネオンブルー(R)ネオンレッド　【2019年8月新型モデル】HAC-S-KABAA 任天堂 ニンテンドー スイッチ ニンテンドースイッチ 本体　ゲーム ゲーム機 最新 Nintendo Switch,【即納★新品】NSW 大乱闘スマッシュブラザーズ SPECIAL【2018年12月07日発売】,ブレードレスサーキュレーター 小型扇風機 羽根なし扇風機 おしゃれ 丸型
油絵 ジャン＝フランソワ・ミレー パンを焼く女 F12サイズ F12号 606x500mm 油彩画 絵画 複製画 選べる額縁 選べるサイズ,,【楽天1位】VicTsing 超静音 ワイヤレス キーボード マウス セット【日本語配列】【スタンド付き】 2.4GHz キーボードワイヤレス 小型 無線マウス 無線キーボード 省エネ ワイヤレスキーボード ワイヤレスマウス パソコン PC コンパクト 防滴型 無音型 日本郵便,新型 Nintendo Switch ニンテンドースイッチ 本体 Joy-Con グレー 任天堂 ゲーム機 プレゼント ギフト 家族 ファミリー [ラッピング対応可],【和泉中央店】Nintendo Switch 大乱闘スマッシュブラザーズSPECIAL【中古】,ハンディファン ハンディ扇風機 羽なし 扇風機 ハンディ 羽根なし 暑さ対策 祭り 熱中症 対策 静音 かわいい ねこ 小型扇風機 手持ち USB充電 3階段風量 携帯 扇風機 コンパクト ミニ扇風機 旅行用 ハンディファン ミニファン USB充電 ファン 送風機
絵画 インテリア 額入り 壁掛け複製油絵ジャン＝フランソワ・ミレー パンを焼く女 F15サイズ F15号 652x530mm 油彩画 複製画 選べる額縁 選べるサイズ,,メカニカルキーボード メカニカル テンキー付き バックライト搭載 青軸 赤軸 PS4対応 ゲーミングキーボード ロープロファイルスイッチ Nキーロールオーバー,新モデル 新品 在庫あり Nintendo Switch ニンテンドースイッチ Joy-Con L ネオンブルー R ネオンレッド HAD-S-KABAA,"【Switch用追加コンテンツ】大乱闘スマッシュブラザーズ SPECIAL ファイターパス Vol. 2 （ダウンロード版）※2,000ポイントまでご利用可",【送料無料】扇風機 おしゃれ スリム タワー リモコン 縦型 タワー型 リビング タワーファン タワー扇風機 リビングファン リビング扇風機 スリムファン 風量3段階 送風機 冷風 左右首振 首振り 節電 省エネ 送料無料
絵画 インテリア 額入り 壁掛け複製油絵ジャン＝フランソワ・ミレー パンを焼く女 F20サイズ F20号 727x606mm 絵画 インテリア 額入り 壁掛け 油絵,,エレコム 2.4GHzワイヤレスフルキーボード&マウス TK-FDM063BK 【あす楽】,Nintendo Switch 本体 JOY-CON(L) ネオンブルー/(R) ネオンレッド 任天堂 ニンテンドースイッチ ■◇ HAD-S-KABAA 新型モデル,【洲本店】Nintendo Switch 大乱闘スマッシュブラザーズSPECIAL【中古】※美品,扇風機 携帯 手持ち USB 充電 3段階 風量 調節 2WAY 羽根無し 扇風機 卓上 スタンド付き 携帯扇風機 ハンディ 持ち歩き 静音 おしゃれ コンパクト 涼しい 自転車の九蔵 在庫あり あす楽
油絵 油彩画 絵画 複製画 ジャン＝フランソワ・ミレー パンを焼く女 F10サイズ F10号 530x455mm すぐに飾れる豪華額縁付きキャンバス,,キーボード ゲーミングキーボード 有線 106キー日本語配列 25キー防衝突 PC用キーボード RGB1680万色 6種類LED色変え 仕事用/ゲーム用 防水仕様 Windows/Mac OS対応 日本語説明書付き【一年間品質保証】,【即日発送】【新品未開封】NintendoSwitch Joy-Con(L)/(R) グレー 【2019年8月発売モデル】HAC-S-KAAAA 任天堂 ニンテンドー スイッチ本体 ゲーム ゲーム機 おもちゃ 本体 最新 Nintendo Switch,【Switch】大乱闘スマッシュブラザーズ SPECIAL　あす楽対応,扇風機 ハンディ ファン ハンディーファン ポータブルファン 一人暮らし 羽根 なし 便利 ハンディ扇風機 羽根なし 卓上 卓上扇風機 扇風機ハンディ 羽根なし扇風機 羽なし扇風機 扇風機手持ち ハンディー 羽なし 携帯 羽無し usb コンパクト トイレ elc22 【P】[□]
ジャン＝フランソワ・ミレー パンを焼く女 F30サイズ F30号 910x727mm 送料無料　 額縁付絵画 インテリア 額入り 壁掛け複製油絵ジャン＝フランソワ・ミレー,,エレコム プレミアムメンブレン キーボード 有線 USBハブ搭載 フル キーボード TK-FCM094HBK,Nintendo Switch [グレー] 2019年8月新モデル【新品】任天堂 ニンテンドー スイッチ,Nintendo Switch 大乱闘スマッシュブラザーズ SPECIAL[任天堂]【送料無料】《発売済・在庫品》,羽なし扇風機 ハンディファン ブレードレスデスクファン 扇風機 ミニ扇風機 小型ファン USB充電 羽なし扇風機 羽根なし扇風機 卓上 スタンド機能 ハンディ 2Way 風量調節 携帯扇風機 持ち運べる 充電式 送料無料 お宝プライス ###羽無し扇風機X9S###
ヨーグルト酵母でパンを焼く。　自然発酵種「るヴぁん」でもっと味わい深いパンを！／堀田誠／レシピ【1000円以上送料無料】,,エレコム　ELECOM TK-FDM106MBK 無線キーボード・マウス ブラック [USB /ワイヤレス][TKFDM106MBK],あす楽即納　【新品 印無し】 Nintendo Switch HAD-S-KABAA [ネオンブルー・ネオンレッド] 2019年8月新モデル 任天堂 ニンテンドー スイッチ,"【Switch用追加コンテンツ】大乱闘スマッシュブラザーズ SPECIAL ファイターパス （ダウンロード版）　※1,000ポイントまでご利用可",JISU正規代理店「在庫セール」4000mAh大容量 羽根なし扇風機 ネッククーラー 扇風機 首かけ ポータブル扇風機 羽なし ネックファン 静音 軽量 羽根なしポータブル 熱中症対策 髪の毛巻き込み防止
「バーミキュラ」でパンを焼く　パリパリ、しっとり、失敗知らず／高橋雅子／レシピ【1000円以上送料無料】,,エレコム カチャカチャしない 静音 キーボード 有線 本格静音設計 フルキーボード パソコン usb ブラック TK-FCM090SBK,【あす楽、土日、祝日も発送、店舗受け取りも可】新品未使用品【Sランク】Nintendo Switch ニンテンドースイッチ 本体 新型 HAD-S-KAAAA 2019年8月発売モデル グレー 4902370542905,"[Switch] 大乱闘スマッシュブラザーズ SPECIAL （ダウンロード版） ※3,000ポイントまでご利用可",ハンディ 扇風機 羽なし 携帯扇風機 卓上 扇風機 羽なし コンパクト 扇風機 コンパクトファン ハンディー扇風機 ハンディファン ハンディ扇風機 ポータブルファン ミニ扇風機 羽根なし 扇風機 ミニ 携帯 卓上扇風機 羽無し扇風機 手持ち
月を見てパンを焼く / 塚本久美 【本】,,ロジクール MK245nBK MK245nWH MK240nBC ワイヤレスキーボード ワイヤレスマウス セット 無線 国内正規品 3年間無償保証,【新品】新型モデル Nintendo Switch あつまれ どうぶつの森セット HAD-S-KEAGC,【中古】大乱闘スマッシュブラザーズ for Wii Uソフト:WiiUソフト／任天堂キャラクター・ゲーム,ハンディファン 羽根なしブレードレスファン ハンディ 卓上 2way 風量3段階 スマホスタンド###羽無し扇風機X9S###
楽健寺酵母でパンを焼く りんご＋にんじん＋長いも＋ごはんで天然酵母 [ 山内宥厳 ],,エレコム ワイヤレスキーボード メンブレン式 1000万回高耐久 ブラック 【PlayStation4 / 3対応】TK-FDM063TBK 2.4GHzワイヤレスフルキーボード TK-FDM063TBK 【あす楽】 ELECOM,新G【新モデル】新型Nintendo Switch Joy-Con(L)/(R)グレー【2019年8月発売モデル】【バッテリー持続時間が長くなったモデル】任天堂 HAD-S-KAAAA 4902370542905,新N【新モデル】新型Nintendo Switch Joy-Con(L) ネオンブルー/(R) ネオンレッド【2019年8月発売モデル】【バッテリー持続時間が長くなったモデル】任天堂 4902370542912 HAD-S-KABAA,ハンディ 扇風機 ハンディ 羽根なし 扇風機 ミニ扇風機 ハンディ 扇風機 ハンディー扇風機 USB 羽なし 携帯扇風機 卓上扇風機 ポータブル ハンディーファン ハンディファン コンパクトファン 羽なしハンディファン 卓上 手持ち elc022 【P】[□]
楽健寺酵母でパンを焼く りんご+にんじん+長いも+ごはんで天然酵母 / 山内宥厳 【本】,,エレコム ワイヤレスコンパクトキーボード／パンタグラフ式／ホワイト TK−FDP099TWH,【あす楽、土日、祝日も発送、店舗受け取りも可】新品未使用品【Sランク】Nintendo Switch ニンテンドースイッチ 本体 新型 HAD-S-KABAA 2019年8月発売モデル ネオンブルー・ネオンレッド 4902370542912,"[Switch] 大乱闘スマッシュブラザーズ SPECIAL ＋ ファイターパス セット （ダウンロード版） ※3,000ポイントまでご利用可",【2020最新羽根なし扇風機】扇風機 首かけ 羽なし ネッククーラー 首掛け扇風機 携帯扇風機 ミニ扇風機 usb充電式 静音 風量三段階調節 軽量 首かけ 扇風機 熱中症 暑さ対策 sale
【中古】もっとおいしいパンを焼く　主婦の友生活シリーズ / 竹野豊子,,ロジクール キーボード k120 K120,Nintendo Switch Lite TURQUOISE ターコイズ　ニンテンドースイッチ　本体　任天堂【ラッピング対応可】,【中古】 大乱闘スマッシュブラザーズ　SPECIAL ／NintendoSwitch 【中古】afb,扇風機 おしゃれ スリム タワー dc リモコン 縦型 タワー型 dcモーター リビング タワーファン タワー扇風機 リビングファン リビング扇風機 スリムファン リモコン付き 首振り 節電 省エネ ＆DECO アンドデコ
「バーミキュラ」でパンを焼く パリパリ、しっとり、失敗知らず / 高橋雅子 【本】,,USBキーボード（ブラック） SKB-L1UBK,任天堂　Nintendo あつまれ　どうぶつの森[ニンテンドースイッチ ソフト]【Switch】,【中古】 大乱闘スマッシュブラザーズ　for　WiiU ／WiiU 【中古】afb,羽なし扇風機 ハンディファン ブレードレスデスクファン 扇風機 ミニ扇風機 小型ファン USB充電 羽なし扇風機 羽根なし扇風機 卓上 スタンド機能 ハンディ 2Way 風量調節 携帯扇風機 持ち運べる 充電式 送料無料 ###扇風機USB-WYFS黒###
ヨーグルト酵母でパンを焼く。 自然発酵種「るう゛ぁん」でもっと味わい深いパンを! / 堀田誠 【本】,,メカニカル キーボード コンパクト 薄型 有線 usb 静音 ゲーミングキーボード テンキーなし テンキーレス 青軸 赤軸 PC パソコン ゲーム 作業 日本語配列 LEDバックライト 光る,【新品】任天堂 Nintendo Switch Lite ターコイズ HDH-S-BAZAA,大乱闘スマッシュブラザーズ SPECIAL　オフィシャルガイド [ 電撃ゲーム書籍編集部 ],羽根なし 扇風機 chrester クレスター 空気清浄機能付 ツインエアーファン COOL-Q-001 ホワイト ブラック タワーファン DCモーター タイマー 首振り リモコン付 タッチパネル 涼風器 花粉 ホコリ おしゃれ
ヨーグルト酵母でパンを焼く。 自然発酵種「る?ぁん」でもっと味わい深いパンを! [ 堀田　誠 ],,Android対応　無線 デザイン　マウス キーボード セット パソコン PC 周辺機器 無線 USB ワイヤレス コードレス　スタイリッシュ　スリム　TEC-CYBERBDNEW,【新品】Nintendo Switch ニンテンドースイッチ リングフィット,大乱闘スマッシュブラザーズ SPECIAL,再入荷！スリムタワーファン 新デザインタワー扇風機/省エネ静音省スペース　羽根なし扇風機タワーリビング扇風機 省エネ節電 人気ランキング 人気　ファショナブル 節電 ランキング おしゃれ サーキュレーター
月を見てパンを焼く 丹波の山奥に5年先まで予約の取れないパン屋が生まれ [ 塚本久美 ],,【サンワサプライ SANWA SUPPLY】USB【キーボード】(ブラック) 製品型番：SKB-L1UBK,・【新品未開封】Nintendo Switch HAD-S-KABAA JOY-CON(L) ネオンブルー/(R) ネオンレッド [HADSKABAAネオン本体]【2019年8月発売モデル】【KK9N0D18P】,【中古】大乱闘スマッシュブラザーズ for ニンテンドー3DSソフト:ニンテンドー3DSソフト／任天堂キャラクター・ゲーム,【中古】M▽dyson ダイソン エアーマルチプライヤー 扇風機 羽根なし扇風機 30cm AM01 (17208)
【中古】 おいしくて安全　国産小麦でパンを焼く ／農文協【編】 【中古】afb,,ゲーミングキーボード 有線 106キー日本語配列 25キー防衝突 PC用キーボード RGB1680万色 6種類LED色変え 仕事用/ゲーム用 防水仕様 Windows/Mac OS対応 日本語説明書付き【一年間品質保証】,Nintendo Switch Lite GRAY グレー ニンテンドースイッチ 本体 任天堂 [ラッピング対応可]MZK,【送料無料】【中古】3DS ニンテンドー3DS LL Newニンテンドー3DS LL 大乱闘スマッシュブラザーズ エディション 本体 任天堂,DMWD リモコン付き電動羽根なし扇風機 空気清浄 超静音 床置き 最高品質 予約機能1-9H
【中古】 国産小麦でパンを焼く おいしくて安全 / 農文協 / 農山漁村文化協会 [単行本]【宅配便出荷】,,サンワサプライ USBキーボード(ブラック) SKB-L1UBK 【jan 4969887668399】,【即日発送】【新品未開封】NintendoSwitch Joy-Con(L)ネオンブルー(R)ネオンレッド　Joy-Con(L)/(R) グレー　HAC-S-KABAA 任天堂 ニンテンドー スイッチ ニンテンドースイッチ 本体　ゲーム ゲーム機 最新 Nintendo Switch,Nintendo(任天堂) 大乱闘スマッシュブラザーズ SPECIAL 【Switchゲームソフト】,首掛け 扇風機 羽なし扇風機 首かけ 2020年 新モデル 軽量 充電式 小型扇風機 ネックファン 超静音タイプ 熱中症対策グッズ 首 ネッククーラー
【中古】 国産小麦でパンを焼く おいしくて安全 / 農文協 / 農山漁村文化協会 [単行本]【ネコポス発送】,,【ふるさと納税】ワイヤレス キーボード OWL-BTKB7801-BKSG5826-0173 【 bluetooth 収納 無線 ipad 折りたたみ ブラック パソコン ブルートゥース 神奈川県海老名市 】,任天堂 Nintendo Switch あつまれ どうぶつの森セット【kk9n0d18p】,【中古】Wiiソフト 大乱闘スマッシュブラザーズX (状態：説明書欠品),【在庫限り特価！通常2474円→送料無料の1500円】風量3段階調整機能 2WAY 羽根無し 扇風機 卓上スタンド付き
【中古】 めちゃおいしいパンを焼く / 竹野 豊子 / 主婦の友社 [文庫]【宅配便出荷】,,キーボード ピアノ (イス・スタンド・ヘッドフォン付き) ONETONE OTK-61S【WHは欠品・予約：10月下旬入荷予定】【楽器 演奏 子供 子供用 ピアノ 電子ピアノ キッズ プレゼントに最適 ワントーン OTK61 OTK61S ONE TONE おもちゃ】【大型】＊,[新品] 任天堂 Nintendo Switch Lite コーラル 4902370545302 ライト 本体,【中古】N3DS 大乱闘スマッシュブラザーズ　for　ニンテンドー3DS,携帯扇風機 羽なし扇風機 ハンディ ファン ミニ扇風機 羽なし 携帯ミニファン ブレードレスデスクファン usb 小型ファン USB充電 羽なし扇風機 羽がない扇風機 卓上 スタンド機能 2Way 風量調節 持ち運べる 充電式 【宅配便のみ】
【中古】 めちゃおいしいパンを焼く / 竹野 豊子 / 主婦の友社 [文庫]【ネコポス発送】,,ロジクール 有線キーボード K120 耐水 静音設計 USB接続 テンキーあり 有線 キーボード 薄型 windows 国内正規品 3年間無償保証,Nintendo Switch JOY-CON(L) ネオンブルー/(R) ネオンレッド,【中古】N3DS 大乱闘スマッシュブラザーズ　for　ニンテンドー3DS,羽無し扇風機 卓上型 サーキュレーター スポット空調 エコ 節電 ファン無し 子供が触っても安心 コンパクト リビング扇風機 空気ファ12V 強力な風量 2段階風力調節
【中古】見習い錬金術師はパンを焼く のんびり採取と森の工房生活 1 /フロンティアワ-クス/織部ソマリ (単行本（ソフトカバー）),,ロジクール アドバンスド ワイヤレスキーボード KX800 MX KEYS 充電式 bluetooth Unifying Windows Mac FLOW ワイヤレス 無線 キーボード 国内正規品 2年間無償保証,【楽天1位獲得】液晶保護シート付き Nintendo Switch ケース 耐衝撃 Nintendo Switch Lite 収納ケース ニンテンドースイッチ カバー ポーチ ポータブル EVAポーチ ニンテンドースイッチライト ケース ゲームカード最大8枚収納可能 キャリングケース プレゼント,Nintendo Switch 大乱闘スマッシュブラザーズ SPECIALセット[同梱ダウンロード版ソフト引換期限:2019年4月15日まで],羽なし 扇風機 ハンディファン ブレードレスデスクファン HORN ハンディ 角あり usb 充電式 ミニ扇風機 LEDライト 小型ファン 羽なし扇風機 羽がない扇風機 卓上 スタンド 2Way 携帯扇風機 コンパクト 熱中症対策 人気 【宅配便のみ】
白神こだま酵母でパンを焼く 国産小麦がふんわりやわらか / 大塚せつ子 【本】,,【送料無料】父の日　プレゼント最適　ギフト　HKW タイプライター風メカニカルキーボード キーボード 青軸 JIS規格 109キー USB有線 日本語キーボード【シルバー】,Nintendo Switch Lite ザシアン・ザマゼンタ ニンテンドースイッチライト 本体 ポケモン Pokemon 任天堂 [HDH-S-GBZAA] [ラッピング対応可],64 ニンテンドー64 本体 すぐ遊べるセット ソフト付き(スマブラ64) グレーコントローラー1点 Nintendo64【中古】送料無料,2020年進化版 首掛け扇風機 羽根なし 2000mAh　超大容量　首かけ　扇風機 羽根なし 扇風機 ポータブル 扇風機 ハンディ 日携帯扇風機 ハンズフリー 小型　ファン USB扇風機 熱中症対策 静音 USB充電式 オフィス 室外 おしゃれ
送料無料【中古】白神こだま酵母でパンを焼く—国産小麦がふんわりやわらか 大塚 せつ子,,エレコム 有線薄型フルキーボード 有線 薄型 フル キーボード メンブレン式 フルサイズ ブラック TK-FCM108BK,Nintendo Switch Lite イエロー　任天堂　ニンテンドースイッチライト 本体　HDHSYAZAA■◇ おうち時間 2019年9月新モデル,スマブラ最強バトルガイド (究極ゲーム攻略全書 VOL.6) 【総力特集】スマブラSPECIAL最強バトルガイド [ カゲキヨ ],「最新モデル」首掛け扇風機 両手解放 羽根なし 扇風機 首かけ 3段階風量 ネックファン ポータブル扇風機 USB充電式　調節 扇風機 首掛け 羽なし ネッククーラー 携帯 小型 静音 涼感 ハンズフリー 快適装着 高品質 首かけ プレゼント おしゃれ
【中古】 90分でおいしいパンを焼く / 竹野 豊子 / 講談社 [単行本]【宅配便出荷】,,ロジクール K740(ブラック) Illuminated キーボード,大乱闘スマッシュブラザーズ SPECIAL Nintendo Switch HAC-P-AAABA,【4点セット】バッテリー時間が長くなった新型Nintendo Switch 本体＋大乱闘スマッシュブラザーズSPECIAL！[本体]+[ソフト]+[充電グリップ]+[ケース]※後払い不可※スイッチ本体新型,冷感マスクプレゼント【在庫セール】TORRAS正規品 扇風機 羽無しネックファン 羽根なし扇風機 首掛け扇風機ポータブル 扇風機 首かけ 羽なし torras ポータブル扇風機 ポータブル送風機 ポータブル扇風機 羽なし ネックファン 羽根なし ネッククーラー 熱中症対策
【中古】 白神こだま酵母でパンを焼く 国産小麦がふんわりやわらか / 大塚 せつ子 / 農山漁村文化協会 [単行本（ソフトカバー）]【宅配便出荷】,,タイムリー　TIMELY TM-UKEY108BK キーボード [USB /有線][TMUKEY108BK],【Switch】大乱闘スマッシュブラザーズ SPECIAL 任天堂 [HAC-P-AAABA NSWスマブラ],任天堂 大乱闘スマッシュブラザーズ SPECIAL パッケージ版 Nintendo Switch(スマブラ)(スイッチソフト)(新品)｜4902370540734｜,羽根なし扇風機 羽無し ハンディファン ポータブル扇風機 USB 充電式 ミニ扇風機 アウトドア スタンド ハンディ 卓上 小型 軽量 手持ち 送風機 夏 おしゃれ
【中古】 90分でおいしいパンを焼く / 竹野 豊子 / 講談社 [単行本]【ネコポス発送】,,ウルトラスリム Bluetooth ワイヤレスキーボード iOS/Android/Mac/Windows に対応 ホワイト,任天堂 Nintendo　Switchゲームソフト ゼルダの伝説　ブレス　オブ　ザ　ワイルド,大乱闘スマッシュブラザーズ SPECIAL - Switch,ハンディ 扇風機 羽なし ポータブル ミニ ファン 風力三弾切替え 熱中症対策に！ USB充電 198x35mm グリーン ブラック ホワイト/羽無し扇風機
【中古】 白神こだま酵母でパンを焼く 国産小麦がふんわりやわらか / 大塚 せつ子 / 農山漁村文化協会 [単行本（ソフトカバー）]【ネコポス発送】,,【ふるさと納税】【Roland】MIDI キーボード　コントローラー　A-49-BK【配送不可：離島】　【雑貨・日用品】　お届け：お届けに1ヶ月以上かかる場合がございます。,【即日発送】【新品】【送料無料】Nintendo Switch Lite　イエロー グレー　ターコイズ 2019年9月新モデル　任天堂 ニンテンドー スイッチ　ライト　4色,【送料無料】【ゲームキューブコントローラー】【Nintendo Switch】【任天堂スイッチ】【Wii U】【大乱闘スマッシュブラザーズ】【スマブラ】wiiu ゲーム キューブ コントローラ GAME CUBE コントローラー PC用ゲームキューブコントローラ 人気 オススメ 便利グッズ,首掛け扇風機 羽根なし 扇風機 首かけ ネックファン ポータブル扇風機 USB充電式 3段階風量調節 扇風機 首掛け 羽なし ミニ ファン 携帯 軽量 小型 静音 涼感 両手解放 快適装着 高品質 360度 ハンディファン 首かけ ネッククーラー 敬老の日 おすすめ
【中古】見習い錬金術師はパンを焼く 2/ 織部ソマリ,,ロジクール ワイヤレスキーボード K380 無線 キーボード 薄型 小型 Bluetooth ワイヤレス windows mac K380BK K380BL K380RD K380OW K380RO 国内正規品 2年間無償保証,【Nintendo switch対応・PC素材】Nintendo switch カバー スイッチケース 専用カバー Joy-Conカバー 分体式 全面保護ケース 耐久性 キズ防止 衝撃吸収 着脱簡単 擦り傷防止 取り外し可能 指紋防止 可愛い,大乱闘スマッシュブラザーズ for Wii U,タワーファン 羽根無し扇風機 DCモーター 左右 首振り HT-1011WH タワー型 おしゃれ 羽なし タイマー リモコン付き スリムファン 縦型 スリムファン コンパクト ブレードレス扇風機 羽無し 涼しい リビング 寝室 タワー扇 暑さ対策 熱中症対策グッズ 【お取寄せ】
【中古】ライトノベルその他サイズ ≪女性向け全年齢≫ 見習い錬金術師はパンを焼く 〜のんびり採取と森の工房生活〜(2) 【中古】afb,,ロジクール　Logicool MK275 ワイヤレスキーボード・マウス Wireless Combo ブラック [USB /ワイヤレス ][MK275],【新品】【即日発送】【送料無料】Nintendo Switch Lite コーラル　ピンク 2019年9月新モデル　任天堂 ニンテンドー スイッチ　ライト　4色,【中古】 大乱闘スマッシュブラザーズDX ／任天堂(著者) 【中古】afb,【時間限定ポイントUP】【2020最新モード】【人気商品】扇風機 首かけ　羽無し扇風機 ハンズフリー 扇風機 ネックファン ハンディファン 720°回転3段階風量 ハンディ扇風機 ポータブル扇風機 持ち運び 熱中症対策 夏 便利 ウォーキング
"【中古】 見習い錬金術師はパンを焼く(2) のんびり採取と森の工房生活 アリアンローズ／織部ソマリ(著者),hi8mugi(イラスト) 【中古】afb",,BUFFALO　バッファロー BSKBU100WH キーボード ホワイト [USB /有線][BSKBU100WH],ガラスフィルム付き Nintendo Switch専用セミハードケース Nintendo Switch ケース クロス付き セミハードケース ニンテンドー スイッチ switch ガラスフィルム,【Switch用追加コンテンツ】大乱闘スマッシュブラザーズ SPECIAL パックンフラワー(ファイター)　 ※100ポイントまでご利用可,『赤ちゃんがいても安心』羽なし扇風機/ハート型/卓上型USB電源でエコ！スムーズな心地よい風/お手入れもカンタン/羽がないから小さなお子様のいるお宅も安心
【中古】見習い錬金術師はパンを焼く 2/ 織部ソマリ,,【1位入賞】 Bluetooth ワイヤレス キーボード タッチパッド ＋ スマホスタンド Windows Android iOS Mac アイフォン iphone keyboard コンパクト折りたたみ 軽量 薄型 ワイヤレスキーボード あす楽 ミニ iPad マウス 操作 ブラック シルバー 黒 銀,【AGC旭硝子】Nintendo Switch ガラスフィルム ブルーライトカット 任天堂 Switch用 画面 液晶保護フィルム 強化ガラス|ガラス フィルム 液晶 保護 スマホ スマートフォン 携帯 画面保護 シート シール カバー 強化ガラスフィルム 保護フィルム 液晶フィルム 画面フィルム,・人気2点セット★新品　大乱闘スマッシュブラザーズ SPECIALソフト+amiibo インクリング　宅配便のみの発送,扇風機 ブレードレス タワー型 羽根なし扇風機 スタイリッシュ 省スペース スピード切替 スリープモード
◆◆見習い錬金術師はパンを焼く のんびり採取と森の工房生活 2 / 織部ソマリ／著 / フロンティアワークス,,エレコム TK-FDM092SMBK 無線静音フルキーボード&静音マウス,Nintendo Switch キャリングケース あつまれ どうぶつの森エディション 〜たぬきアロハ柄〜 （画面保護シート付き）,・人気2点セット★新品　大乱闘スマッシュブラザーズ SPECIALソフト+amiibo リドリー　　宅配便のみの発送,【ポイント5倍】ダイソン 空気清浄機 Dyson Pure Cool TP04WSN [ホワイト/シルバー] [タイプ：羽根なし扇風機 モーター種類：DCモーター] 【楽天】 【人気】 【売れ筋】【価格】
見習い錬金術師はパンを焼く　のんびり採取と森の工房生活　2／織部ソマリ【合計3000円以上で送料無料】,,キーボード ゲーミングキーボード 有線 106キー日本語配列 25キー防衝突 PC用キーボード RGB1680万色 6種類LED色変え 仕事用/ゲーム用 防水仕様 Windows/Mac OS対応 日本語説明書付き【一年間品質保証】,釣りスピリッツ Nintendo Switchバージョン,ゲームキューブコントローラー 接続タップ Nintendo Switch スイッチ Wiiu 大乱闘スマッシュブラザーズ 4ポート TURBO連射機能搭載,【送料無料】扇風機 ハンディ ハンディファン 羽根なし 扇風機 ミニ扇風機 ハンディー扇風機 USB 充電式 羽なし 携帯扇風機 卓上扇風機 ポータブル ハンディーファン コンパクトファン 羽なしハンディファン 卓上 手持ち 便利 熱中症 熱中症対策
見習い錬金術師はパンを焼く のんびり採取と森の工房生活 2,,ワイヤレスキーボード ブラック メンブレンキー 電池寿命（約400時間） Wii・PS4対応 ナノレシーバー パソコン,【5点セット】バッテリー時間が長くなったNintendo Switch 本体＋マリオカート8デラックスセット！[本体]+[ソフト]+[充電グリップ]+[ケース]+[ハンドル]※後払い不可※スイッチ本体新型,【中古】 大乱闘スマッシュブラザーズ　for　ニンテンドー3DS ／ニンテンドー3DS 【中古】afb,携帯扇風機 携帯 USBファン 羽根なし USB充電 ハンディファン USB扇風機 羽根なし扇風機 小型 コンパクト ポータブル ミニ 卓上 スタンド 安全 安心 電気 うちわ 長時間 強力 大風量 ミニファン 快適 ステイホーム 在宅 テレワーク グッズ RS-uf5-8154 卓上扇風機
"【中古】 見習い錬金術師はパンを焼く(2) のんびり採取と森の工房生活 アリアンローズ／織部ソマリ(著者),hi8mugi(イラスト) 【中古】afb",,エレコム　ELECOM TK-FCP097BK キーボード　コンパクト ブラック [USB /有線][TKFCP097BK],任天堂　マリオカート8 デラックス　Nintendo Switch　HAC-P-AABPA,大乱闘スマッシュブラザーズDX NINTENDO GAMECUBE　新品,羽根なしスリムファン ブレードレス扇風機 タワー型 羽根なし扇風機
【中古】見習い錬金術師はパンを焼く 2/ 織部ソマリ,,バッファロー 有線キーボード「USB」　丸洗い対応 BSKBU12BK　（ブラック）,任天堂 リングフィットアドベンチャーNintendo Switch ニンテンドースイッチ HAC-R-AL3PA ヨガ 室内運動 体力づくり 4902370543278 ■◇ おうち時間,【訳あり】【送料無料】【中古】3DS ニンテンドー3DS LL Newニンテンドー3DS LL 大乱闘スマッシュブラザーズ エディション 本体,ハンディ 扇風機 ハンディ 羽根なし 扇風機 ミニ扇風機 ハンディ 扇風機 ハンディー扇風機 USB 羽なし 携帯扇風機 卓上扇風機 ポータブル ハンディーファン ハンディファン コンパクトファン 羽なしハンディファン 卓上 手持ち elc022 【P】[▼]
◆◆見習い錬金術師はパンを焼く のんびり採取と森の工房生活 2 / 織部ソマリ／著 / フロンティアワークス,,キーボード ブラック 長い爪でも操作しやすいアイソレーションキー 薄型メンブレンキー USB接続,Nintendo Switch あつまれ どうぶつの森セット 送料無料 【SK10780】,【中古】 大乱闘スマッシュブラザーズDX（デラックス） 任天堂公式ガイドブック / 小学館 / 小学館 [ムック]【メール便送料無料】【あす楽対応】,★宅配便送料無料★【 首かけ 首掛け 扇風機 2020 首掛け扇風機 ハンズフリーファン 羽なし 羽根なし 羽根なし扇風機 ハンディファン 首かけ 首掛け 充電式 可愛い 静音 ハンディ ハンズフリー ネッククーラー 首かけ扇風機 首掛けファン】360度冷却 ネックバンドファン ss
見習い錬金術師はパンを焼く　のんびり採取と森の工房生活　2／織部ソマリ【合計3000円以上で送料無料】,,ロジクール イルミネートキーボード K740 有線 キーボード 充電式 薄型 有線キーボード windows 国内正規品 3年間無償保証,Nintendo Switch スイッチ 4台同時充電 ジョイコン 充電ドック 充電スタンド Joy-Con コントローラー 充電 充電器 任天堂 ニンテンドー【送料無料】ポイント消化,【3DS用追加コンテンツ】 大乱闘スマッシュブラザーズ for Nintendo 3DS 追加コンテンツ 第5弾まとめパック （ダウンロード版）　 ※100ポイントまでご利用可,3980円(税別)以上で送料無料/羽根なし扇風機 ブレードレスサーキュレーター 丸型 HT-5 リモコン付 角度調節可能 上下左右首振り 6段階風量調節 タッチセンサースイッチ 羽根なしサーキュレーター
見習い錬金術師はパンを焼く のんびり採取と森の工房生活 2,,ロジクール メカニカルキーボード K840 108フルキー ROMER-G 26キー ロールオーバー アルミニウム キーボード USB 有線 国内正規品 2年間無償保証,【楽天2位獲得】任天堂スイッチ 10in1セット 勝手に動く JOY-CON スティック 修理交換用パーツ 2個セット 修理器具 ジョイコン Switch コントローラー 修理,【中古】[ACC][Switch]Nintendo Switch Proコントローラー(ニンテンドースイッチ プロコントローラー) 大乱闘スマッシュブラザーズ SPECIALエディション 任天堂(HAC-A-FSSKE)(20181116),デスクトップ冷風扇エアクールファン | 冷風機 扇風機 赤ちゃん コンパクト 冷風扇 卓上 グッズ 小型 オフィス ミニ 暑さ対策 ひんやり 車載 冷風扇風機 涼しい ミニ冷風扇 パーソナルクーラー 熱中症対策 羽根なし扇風機 おしゃれ 小型冷風扇 小型冷風機 エアコン 置き型
【新品】見習い錬金術師はパンを焼く　のんびり採取と森の工房生活　2　織部ソマリ/著,,ロジクール ワイヤレス ソーラーキーボード K750r 超薄型 Unifying windows 無線 キーボード 薄型 電池交換不要 K750 国内正規品 3年間無償保証,【楽天3位獲得】Nintendo Switch ワイヤレス コントローラー HD振動 ゲーム コントローラー Switch/Switch lite/PC対応 コントローラー 無線 ジャイロセンサー TURBO機能 スイッチ コントローラー 500mAh バッテリー内蔵 キャプチャー機能 ダブルモーター振動,【中古】大乱闘スマッシュブラザーズ for Wii U WiiU WUP-P-AXFJ/ 中古 ゲーム,★宅配便送料無料★【2020 ハンズフリーファン 羽なし 羽根なし 扇風機 ハンディファン 首かけ 首掛け 首 充電式 可愛い 静音 ハンディ ハンズフリー ネッククーラー 首掛け扇風機 首かけ扇風機 首掛けファン 充電式】 マカロンネックファン ss
見習い錬金術師はパンを焼く のんびり採取と森の工房生活 2,,ゲーミングキーボード 有線 7色LEDバックライト USB キーボード 日本語配列 パソコン用 防水 26キー防衝突 Windows/Mac対応 106キー,Nintendo Switch Lite グレー 送料無料 【SK09499】,【2019最新版】ゲームキューブコントローラー用 接続タップ Switch/WiiU/PC用 大乱闘スマッシュブラザーズ対応 gcコントローラー用 転換アダプター TURBO連射/振動機能搭載 4 PORTS DOSMUNG,ネックファン 充電式 扇風機 首かけ 充電式ネックファン 羽根なし 扇風機 ポータブル 扇風機 肩がけ ネッククーラー 熱中症対策 扇風器 携帯 持ち運び ハンディファン より ハンズフリー で便利 髪の毛が巻き込まれにくい 屋外作業 アウトドア スポーツ 送料無料 羽なし
見習い錬金術師はパンを焼く のんびり採取と森の工房生活 2,,メンブレンキーボード/108キー/USB/Lサイズ/ブラック,任天堂 星のカービィスターアライズ パッケージ版 Nintendo Switch(スイッチ ソフト)(新品)｜4902370539073｜,Wii ニンテンドーWii 本体 すぐ遊べるセット ソフト付き（大乱闘スマッシュブラザーズWii） シロ リモコン2点 ヌンチャク2点 純正【中古】,家庭用羽なし扇風機 静音 自然風 空気清浄 110 V 220 V
[書籍のゆうメール同梱は2冊まで]/見習い錬金術師はパンを焼く のんびり採取と森の工房生活 2[本/雑誌] (アリアンローズ) / 織部ソマリ/著,,Logicool G ゲーミングキーボード 有線 G910r タクタイル メカニカルキーボード 日本語配列 LIGHTSYNC RGB パームレスト G910 Spectrum 国内正規品 2年間無償保証,ガラスフィルム付き Nintendo Switch専用セミハードケース Nintendo Switch ケース クロス付き セミハードケース ニンテンドー スイッチ switch ガラスフィルム,任天堂【ゲームソフト】Switch 大乱闘スマッシュブラザーズ SPECIAL HAC-P-AAABA★【HACPAAABA】,GoTo キャンペーン羽なし扇風機 ハンディファン ブレードレスデスクファン 扇風機 ミニ扇風機 小型ファン USB充電 羽なし扇風機 羽根なし扇風機 卓上 スタンド機能 ハンディ 2Way 風量調節 携帯扇風機 持ち運べる 充電式###扇風機USB-WYFS黒###
見習い錬金術師はパンを焼く のんびり採取と森の工房生活 2 アリアンローズ / 織部ソマリ 【本】,,エレコム 無線ワイヤレスキーボード メンブレン式 フル ブラック TK-FDM106TBK(1台)【エレコム(ELECOM)】,Nintendo Switch Lite [ターコイズ] 2019年9月新モデル【新品】任天堂 ニンテンドー スイッチ,ゲームキューブコントローラ接続タップ MOGODA 大乱闘スマッシュブラザーズ対応 GAMECUBE スマブラ ゲームキューブ コントローラ 転換 アダプター,羽なし扇風機 卓上扇風機 2Way 持ち運び コンパクト 扇風機 小型ファン LEDライト ブレードレスデスクファン 【宅配便のみ】
ヨーグルト酵母でパンを焼く。 自然発酵種「るヴぁん」でもっと味わい深いパンを!,,エレコム 無線マウス 無線 フルキーボード ＆ マウス 109キー パソコン 日本語配列 メンブレン式 キーボード ワイヤレスマウス 付 セット ブラック TK-FDM106MBK,Nintendo Switch 本体 Joy-Con(L) ネオンブルー/(R) ネオンレッド(バッテリー持続時間が長くなったモデル) 送料無料 【SK09895】,大乱闘スマッシュブラザーズ SPECIAL (HAC-P-AAABA) NSW 新品 スマブラ プレゼント,風量3段階調整機能 2WAY羽根無し扇風機 専用卓上スタンド付き 羽がない 羽のない扇風機 ハンディファン USB充電 風量3段階 充電 ケーブル付属 【色/ピンク】
ヨーグルト酵母でパンを焼く。 自然発酵種「るヴぁん」でもっと味わい深いパンを!,,無線キーボード / メンブレン式 / フルサイズ / ブラック 無線2.4GHzキーボード エレコム ELECOM TK-FDM106TBK,Nintendo Switch キャリングケース あつまれ どうぶつの森エディション 〜たぬきアロハ柄〜 （画面保護シート付き）,(送料無料)(Switch)大乱闘スマッシュブラザーズ SPECIAL(新品)(あす楽対応),【1年間品質保証】サーキュレーター 首振り 上下左右 壁掛け 羽根なし扇風機 7段階風量切替 リモコン付き 羽なし 卓上 扇風機 ファン 安心 安全 3色なら選べる
ヨーグルト酵母でパンを焼く。 自然発酵種「るヴぁん」でもっと味わい深いパンを!,,ワイヤレスキーボード・マウスセット 小型 テンキーレス USB接続 メンブレン 静音マウス ブルーLEDマウス ブラック 無線,Nintendo Switch Lite ターコイズ 送料無料 【SK09500】,【中古】 ニンテンドー3DSソフト / 大乱闘スマッシュブラザーズ For ニンテンドー3ds 【GAME】,【送料無料】サーキュレーター 首振り 上下左右 壁掛け 羽根なし扇風機 7段階風量切替 リモコン付き 羽なし 卓上 扇風機 ファン 安心 安全 3色なら選べる
ヨーグルト酵母でパンを焼く。　自然発酵種「るヴぁん」でもっと味わい深いパンを！／堀田誠／レシピ【合計3000円以上で送料無料】,,ロジクール ワイヤレス マウス キーボード セット MK235 無線 耐水 国内正規品 2年間無償保証,Transcend microSDXCカード 128GB Class10 UHS-I U3 V30 A1 マイクロSD microSDカード クラス10 Nintendo Switch スイッチ,『大乱闘スマッシュブラザーズ for ニンテンドー3DS』2本入りギフトパック,熱中症対策 暑さ対策 部屋 羽根なし扇風機　ブレードレス扇風機 タワー型 羽根がない DCモーター タイマー機能 スリープモード 左右首振り リモコン 居間 リビング 赤ちゃん 子供 安全 life　sale送料無料 ※沖縄・離島は送料あり
[書籍のゆうメール同梱は2冊まで]/ヨーグルト酵母でパンを焼く。 自然発酵種「るヴぁん」でもっと味わい深いパンを![本/雑誌] / 堀田誠/著,,BUFFALO　バッファロー BSKBU300BK キーボード ブラック [USB /有線][BSKBU300BK],Nintendo Switch ガラスフィルム 【 ブルーライト 80%カット 】 保護フィルム 任天堂 スイッチ フィルム 強化保護ガラス 硬度9H 【180日間保証付き】 【ポイント消化】,【中古】【WiiU】大乱闘スマッシュブラザーズ　for　Wii　U　ソフト単品版（箱説明書無し）,[日本語説明書付][送料無料] 首掛け 首かけ扇風機 羽根なし 扇風機 首掛けクーラー USB USB充電式 小型 ポータブルファン 羽なし 静音 ハンディ ハンズフリー 可愛い コンパクト 持ち歩き ネックファン 肩掛け 肩かけ オフィス ミニ 3段階風量調節
【新品】【本】ヨーグルト酵母でパンを焼く。　自然発酵種「るヴぁん」でもっと味わい深いパンを!　堀田誠/著,,エレコム　ELECOM　（スマホ／タブレット対応）ワイヤレスキーボード　タブレットスタンド付き（日本語79キー）　TK−FLP01BK　（ブラック）,Nintendo Switch Lite ケース 耐衝撃 Switch Lite ケース キャリングケース ハードケース Switch Lite 保護ケース 収納ポーチ ニンテンドー スイッチ ライト 落下防止 衝撃吸収 薄型 軽量 送料無料 ギフト プレゼント,N64 ニンテンドー64 ソフトのみ 大乱闘スマッシュブラザーズ スマブラ 箱取説なし Nintendo64 任天堂【中古】,【★夏物在庫処分★日本国内発送】【2020最新モード】扇風機 首かけ　羽無し扇風機ハンズフリー 扇風機 ネックファン ハンディファン 720°回転 3段階風量 ハンディ扇風機 ポータブル扇風機 持ち運び 夏 便利 アウトレット
絵画 インテリア 額入り 壁掛け複製油絵ジャン＝フランソワ・ミレー パンを焼く女 F15サイズ F15号 652x530mm 油彩画 複製画 選べる額縁 選べるサイズ,,エレコム　ELECOM TK-FCM090SBK キーボード　静音 ブラック [USB /有線][TKFCM090SBK],Nintendo Switch 本体 Joy-Con(L)/(R) グレー(バッテリー持続時間が長くなったモデル) 送料無料 【SK09896】,【中古】大乱闘スマッシュブラザーズXソフト:Wiiソフト／任天堂キャラクター・ゲーム,即納 扇風機 首かけ 羽なし 扇風機 ハンズフリー ポータブル 扇風機 ヘッドホン型扇風機　USB 充電式 FAN 首かけ 肩かけ 小型 ネックファン ミニ ハンディ ファン首かけ おしゃれ アウトドア キャンプ プレゼント ギフト
[書籍のゆうメール同梱は2冊まで]/楽健寺酵母でパンを焼く りんご+にんじん+長いも+ごはんで天然酵母[本/雑誌] (単行本・ムック) / 山内宥厳,,BUFFALO　バッファロー BSKBU300WH キーボード ホワイト [USB /有線][BSKBU300WH],microSDXC カード 64GB 東芝 UHS-I 対応 100MB毎秒 CLASS10 高速 通信 microSD カード THN-M203K0640C4 海外パッケージメール便送料無料 Nintendo Switch Newニンテンドー3DS推奨,【中古】 ニンテンドーオールスター！大乱闘スマッシュブラザーズ必勝攻略法 完璧攻略シリーズ13／ファイティングスタジオ(著者) 【中古】afb,【★夏物在庫処分★日本国内発送】扇風機 首かけ　羽無し扇風機ハンズフリー 扇風機 ネックファン ハンディファン 360°回転 3段階風量 ハンディ扇風機 ポータブル扇風機 持ち運び 熱中症対策 夏 便利 ウォーキング　アウトレット
【中古】 楽健寺酵母でパンを焼く りんご＋にんじん＋長いも＋ごはんで天然酵母 / 山内 宥厳 / 農山漁村文化協会 [単行本]【宅配便出荷】,,マイクロソフト　Microsoft N9Z-00029 キーボード　All-in-One Media Keyboard [USB /ワイヤレス][N9Z00029],★Nintendo / 任天堂 Nintendo Switch あつまれ どうぶつの森セット HAD-S-KEAGC【送料無料】,【中古】ニンテンドウ64ソフト ニンテンドウオールスター!大乱闘スマッシュブラザーズ (箱説なし),首掛け扇風機 2020 羽なし 扇風機 首掛け 扇風機 首かけ ハンディファン ポータブル ファン ハンディ 静音 羽根なし ハンズフリー 軽量 高品質 宅急便
【中古】 楽健寺酵母でパンを焼く りんご＋にんじん＋長いも＋ごはんで天然酵母 / 山内 宥厳 / 農山漁村文化協会 [単行本]【ネコポス発送】,,日本HP USB 日本語版スタンダードスリムキーボード(N3R87AA#ABJ) 目安在庫=△,【中古】Switch 星のカービィ　スターアライズ,ゲームキューブコントローラ接続タップ MOGODA 大乱闘スマッシュブラザーズ対応 GAMECUBE スマブラ ゲームキューブ コントローラ 転換 アダプター,「2020最新モデル」首掛け扇風機 羽根なし 扇風機 ポータブル扇風機 首かけ ネックファン ハンディファン 首かけ ネッククーラー USB充電式 扇風機 首掛け 羽なし ミニ ファン 携帯 軽量 小型 静音 高品質 360度 涼感 両手解放 快適装着
見習い錬金術師はパンを焼く のんびり採取と森の工房生活 1,,スリムキーボード(静音・ブラック),任天堂　マリオカート8 デラックス　Nintendo Switch　HAC-P-AABPA,大乱闘スマッシュブラザーズ SPECIAL - Switch,【1年保証・2020年最新】ネックファン　羽なし　扇風機　首かけ　ハンズフリー　ポータブル　ダブルファン　持ち運び　ヘッドホン型　USB　充電式　肩かけ　小型　ミニ　ファン　首掛け　スポーツ　アウトドア　プレゼント　ギフト　日本語説明書　敬老の日
見習い錬金術師はパンを焼く のんびり採取と森の工房生活 1,,バッファロー　有線キーボード［USB・Win・108キー］　BSKBU100BK　ブラック,【即納★新品】NSW Nintendo Switch Proコントローラー,【中古】 大乱闘スマッシュブラザーズDXファイティングマスターズガイド / ファミ通書籍編集部 / エンターブレイン [単行本]【宅配便出荷】,"クーポン利用で3,180円x送料無料　4000mAh 大容量 [1年間保証] 扇風機 首掛け ネックファン 2020 首かけ扇風機 首掛け扇風機 羽根なし扇風機 ハンズフリーファン 羽なし ハンディファン ハンズフリー ネッククーラー 首掛けファン 360度冷却 ネックバンドファン"
見習い錬金術師はパンを焼く のんびり採取と森の工房生活 1,,キーボード ブラック 排水機能付き 大型スペースキー メンブレンキー USB接続,星のカービィ スターアライズ Nintendo Switch　HAC-P-AH26A,Nintendo Switch 大乱闘スマッシュブラザーズ SPECIALセット[同梱ダウンロード版ソフト引換期限:2019年4月15日まで],扇風機【即納】【充電アダプターセット】TORRAS/RANVOO正規品 羽根なし扇風機 首掛け扇風機ポータブル 日本語説明書 扇風機 首かけ 羽なし torras ポータブル扇風機 首掛け ポータブル送風機 ポータブル扇風機 ネッククーラー 熱中症対策 髪の毛が巻き込まれにくい
◆◆見習い錬金術師はパンを焼く のんびり採取と森の工房生活 1 / 織部ソマリ／著 / フロンティアワークス,,エレコム　ELECOM TK-FDM106TXWH キーボード ホワイト [USB /ワイヤレス][TKFDM106TXWH],【新品】任天堂 Nintendo Switch Lite ターコイズ + あつまれどうぶつの森ソフトセット,【中古】攻略本 Wii 大乱闘スマッシュブラザーズX ファイティングマスターズガイド 【中古】afb,「2020最新モデル」首掛け扇風機 羽根なし 扇風機 首かけ ネックファン ポータブル扇風機 USB充電式 3段階風量調節 扇風機 首掛け 羽なし ミニ ファン 携帯 軽量 小型 静音 涼感 両手解放 快適装着 高品質 360度 ハンディファン 首かけ ネッククーラー 敬老の日 おすすめ
[書籍のゆうメール同梱は2冊まで]/見習い錬金術師はパンを焼く のんびり採取と森の工房生活 1[本/雑誌] (アリアンローズ) / 織部ソマリ/著,,エレコム 高耐久性キーを採用したUSB接続 有線 スタンダード キーボード s_TK-FCM062BK,スタジオエム(スタジオM) 陶器製スイッチボックスカバー　ネジ付き 全3種スイッチカバー コンセントカバー スイッチプレート 陶器 かわいい おしゃれ オシャレ お洒落 インテリア 玄関 【あす楽対応】,【送料無料・即日出荷】Nintendo Switch 大乱闘スマッシュブラザーズ SPECIAL スマブラ 050883,在庫セール【2020Newモデル】TORRAS正規品 羽根なし扇風機 首掛け扇風機 日本語説明書 扇風機 首かけ 羽なし torras ポータブル扇風機 首掛け ポータブルポータブル扇風機 羽なし ネックファン 羽根なし ネッククーラー 熱中症対策 髪の毛が巻き込まれにくい
【中古】ライトノベル(その他) ≪女性向け全年齢≫ 見習い錬金術師はパンを焼く 〜のんびり採取と森の工房生活〜(1) / 織部ソマリ 【中古】afb,,エレコム 無線薄型コンパクトキーボード 無線 薄型 コンパクト キーボード ワイヤレス 小型 小さい メンブレン式 無線キーボード コンパクトサイズ ブラック TK-FDM109TBK,ロッカースイッチ 小型 丸型 2ピン ON OFF スイッチ シーソースイッチ 汎用 埋め込み 1個,【新品/在庫あり】[ニンテンドースイッチ ソフト] 大乱闘スマッシュブラザーズ スペシャル [HAC-P-AAABA],ネックファン 羽なし 扇風機 首かけ モバイルファン ファン ポータブル ワイドエアー ハンズフリー 扇風機 携帯 持ち運び USB 充電式 肩かけ FAN 小型 ミニ ハンディ 首かけ スポーツ アウトドア プレゼント 日本語説明書 2020年最新モデル 熱中症対策 暑さ対策
【ライトノベル】見習い錬金術師はパンを焼く 〜のんびり採取と森の工房生活〜 (全2冊) 全巻セット,,マウス付きワイヤレスキーボード（静音ブルーLEDマウス・ホワイト）,スティックカバー【4個セット】【全国 送料無料】【フルーツのカバー】森 くだもの フルーツ 果実 果物 あつ森 どうぶつ かわいい デコ Nintendo Switch ジョイコン スティックカバー パーツ コントローラー 任天堂 ゲーム 周辺機器 セット カスタマイズ 汚れ防止 滑り止め,【中古】大乱闘スマッシュブラザーズXソフト:Wiiソフト／任天堂キャラクター・ゲーム,首かけ ハンディファン 首掛け扇風機 2020年 最新 首かけ扇風機 2020年 ハンディファン 羽なし 扇風機 ハンズフリー ポータブル 扇風機 ダブルファン 携帯 持ち運び ヘッドホン型扇風機　USB 充電式 ネックファン ミニ ハンディ ※アイスドライスプレー付き
【新品】【ライトノベル】見習い錬金術師はパンを焼く 〜のんびり採取と森の工房生活〜 (全2冊) 全巻セット,,エレコム　ELECOM TK-FCM108XBK キーボード　薄型 ブラック [USB /有線][TKFCM108XBK],マイクロSDカード32GB for Nintendo Switch,【中古】ニンテンドー3DSソフト 大乱闘スマッシュブラザーズ for Nintendo3DS (箱説なし),ハンディファン 羽なし 扇風機 ブレードレス デスクファン 卓上 ミニ扇風機 スタンド機能 羽なし扇風機 携帯扇風機 充電式 ミント ブラック プレゼント ギフト 持ち運び 持ち歩き コンパクトイベント テレワーク 便利 コンサート
見習い錬金術師はパンを焼く　のんびり採取と森の工房生活　1／織部ソマリ【1000円以上送料無料】,,エレコム　ELECOM TK-FCM104XBK キーボード ブラック [USB /有線][TKFCM104XBK],任天堂　Nintendo スーパー マリオパーティ[ニンテンドースイッチ ソフト]【Switch】,【中古】Wiiソフト 大乱闘スマッシュブラザーズX,3 1 で冷却デスクトップ羽根なし扇風機ledライトスーパー静音子供のための学生
見習い錬金術師はパンを焼く　のんびり採取と森の工房生活　1／織部ソマリ【合計3000円以上で送料無料】,,エレコム　ELECOM TK-FDP099TWH キーボード　超薄型コンパクト ホワイト [USB /ワイヤレス][TKFDP099TWH],Minecraft Nintendo Switch版 HAC-P-AEUCA,【新品即納】[Switch]大乱闘スマッシュブラザーズ SPECIAL(スペシャル)(20181207),サーキュレーター ブレードレス(羽なし）サーキュレーター扇風機　羽なし　羽なし扇風機　羽なしサーキュレーター　安全　安心　送風機　空気循環　小型扇風機　首振り　おしゃれ　暑さ対策グッズ　熱中症対策
見習い錬金術師はパンを焼く　のんびり採取と森の工房生活　1　織部ソマリ/著,,ゲーミングキーボード 有線 7色LEDバックライト USB キーボード 日本語配列 パソコン用 防水 26キー防衝突 Windows/Mac対応 106キー,128GB microSDXCカード for Nintendo Switch マイクロSD SanDisk サンディスク UHS-I U3 R:100MB/s W:90MB/s 海外向けパッケージ品 送料無料,【中古】【Switch】大乱闘スマッシュブラザーズSPECIAL／HAC-P-AAABA／（4902370540734）,NEW 新製品 2020年モデル 風量3段階調整機能 2WAY 羽根無し扇風機 卓上スマホスタンド付き　3色 （ パープル ピンク シルバー ） ハンディ 卓上 スマホ スタンド 扇風機 野外 キャンプ 子ども 暑さ 熱中症 対策 送料無料
見習い錬金術師はパンを焼く のんびり採取と森の工房生活 1 アリアンローズ / 織部ソマリ 【本】,,エレコム　TK-FCM062WH [メンブレン式キーボード/108キー/USB/Lサイズ/ホワイト],任天堂　Nintendo　SWITCHゲームソフト　ポケットモンスター　ソード,3DS ソフトのみ 大乱闘スマッシュブラザーズ スマブラ 箱取説なし Nintendo 任天堂 ニンテンドー 【中古】,携帯用首掛け羽根なし扇風機/ファン 小型扇風機 ミニ扇風機 携帯扇風機 ハンズフリー ブレードレス ネッククーラー フレキシブルアーム ポータブルファン 三段階風量調節 USB充電式 最大6時間使用可能 静音設計 置き掛け両用 オフィス/アウトドア/スポーツ 送料無料
見習い錬金術師はパンを焼く 〜のんびり採取と森の工房生活〜 1 （アリアンローズ） [ 織部 ソマリ ],,USBキーボード 排水機能付き ブラック SKB-L1UBK サンワサプライ,【楽天5位獲得】強化ガラスフィルム付き Nintendo Switch Lite ケース 耐衝撃 Switch Lite ソフト ケース Switch Lite 保護フィルム 硬度9H ニンテンドー スイッチ ライト シリコンカバー 柔らかい 気泡ゼロ 指紋防止 高透過率 送料無料 ギフト,WiiU ニンテンドーWii U ウィーユー 大乱闘スマッシュブラザーズ for WiiU スマブラ ソフト 任天堂 Nintendo 4902370523133【中古】,首かけ扇風機 羽根なし扇風機 ファンレスファン タービンファン ハンズフリー ポータブル扇風機 髪の毛を巻き込まない 超大容量1800mAh 角度調整 小型 アウトドア 日本語取扱説明書付き スポーツ/夏フェス/運動/ショッピングなど適用
旅行?包店：與人連結、與食材相遇，鬆?人生、低?熟成的生活哲學月を見てパンを焼く：丹波の山奥に5年先まで予約の取れないパン屋が生まれた理由【電子書籍】[ 塚本久美(Kumi Tsukamoto) ],,有線キーボード / メンブレン式 / コンパクトサイズ / 薄型 / ブラック 有線キーボード エレコム ELECOM TK-FCM107BK,当日発送 Joy-Con(L) ネオンブルー Nintendo Switch ニンテンドー スイッチ 単品 コントローラー 左 その他付属品なし ※パッケージなし商品,【中古】≪NINTENDO SWITCH≫大乱闘スマッシュブラザーズ SPECIAL,ダイソン 羽根なし扇風機 Dyson Pure Cool Me BP01GC ガンメタル/コッパー
見習い錬金術師はパンを焼く　のんびり採取と森の工房生活　2／織部ソマリ【1000円以上送料無料】,,エレコム　ELECOM TK-FCM089SBK キーボード　ミニ　静音 ブラック [USB /有線][TKFCM089SBK],任天堂 New スーパーマリオブラザーズ U デラックス パッケージ版 Nintendo Switch(スイッチソフト)(Nintendo Switch)(新品)｜4902370541281｜,大乱闘スマッシュブラザーズSPECIAL[新品],ハンズフリーファン 羽なし 首掛け扇風機 2020 首掛けファン ネックバンド型 扇風機 おしゃれ 首かけ ハンズフリー ポータブル ファン ハンディファン 卓上 扇風機 髪の毛巻き込み防止 キャンプ 工事現場 旅行 フェス 夏 梅雨 熱中症対策 野外 屋外作業 アウトドア扇風機
絵画 インテリア 額入り 壁掛け複製油絵ジャン＝フランソワ・ミレー パンを焼く女 F20サイズ F20号 727x606mm 絵画 インテリア 額入り 壁掛け 油絵,,ロジクール　Logicool K120 キーボード [USB /コード ][K120],スイッチプレート 木製 ワイド1列 コスモシリーズワイド21対応 ウッドスイッチカバー ササキ工芸 ウォルナット ナラ（ナチュラル） おしゃれ 【あす楽対応】,ニンテンドー ゲームキューブ コントローラ スマブラブラック,ダイソン 空気清浄機 Dyson Pure Cool TP04WSN [ホワイト/シルバー] [タイプ：羽根なし扇風機 モーター種類：DCモーター] 【楽天】 【人気】 【売れ筋】【価格】
油絵 油彩画 絵画 複製画 ジャン＝フランソワ・ミレー パンを焼く女 F10サイズ F10号 530x455mm すぐに飾れる豪華額縁付きキャンバス,,【ふるさと納税】東プレ　コンピューターキーボード　J(型式：R2-USV-BK AGBZ01)※着日指定送不可,スイッチプレート コンセントカバー スイッチ 照明 照明器具 ペンダントランプ 陶器 北欧 レトロ ナチュラル 雑貨 アメリカンスイッチ DIY 1穴 2穴 3穴 4穴 5穴 6穴 essence エッセンス ss,★人気2点セット★新品　★新品ニンテンドー ゲームキューブ コントローラ スマブラブラック+Switch/Wii U/PC専用 GameCube コントローラーアダプター互換品 セット,【ポイント5倍】ダイソン 空気清浄機 Dyson Pure Cool Me BP01GC [ガンメタル/コッパー] [タイプ：羽根なし扇風機 モーター種類：DCモーター] 【楽天】 【人気】 【売れ筋】【価格】
送料無料【中古】もっとおいしいパンを焼く—毎日食べたいシンプルなパンから世界のめずらしいパンまで70種類を紹介 (主婦の友生活シリーズ) 竹野 豊子,,エレコム メンブレン式キーボード/108キー/USB/Lサイズ/1000万回高耐久/ブラック TK-FCM062BK,【送料無料・即日出荷】Nintendo Switch マリオカート8 デラックス 050704,【送料無料】二ンテンドー ゲームキューブ コントローラ スマブラブラック クリスマス 玩具 プレゼント 接続タップ,【ポイント5倍】ダイソン 羽根なし扇風機 Dyson Pure Cool Link テーブルファン DP03WS [ホワイト/シルバー] [タイプ：羽根なし扇風機] 【楽天】 【人気】 【売れ筋】【価格】
【中古】もっとおいしいパンを焼く　主婦の友生活シリーズ / 竹野豊子,,カシオ 大人の楽らくキーボード　LK-516【送料無料】ピアノ キーボード 自動演奏 光る鍵盤 カラオケ 初めて カンタン ココチモオリジナル楽器 マイク ヘッドホン 脳トレ 楽々キーボード らくらくキーボード,太鼓の達人 Nintendo Switchば〜じょん！　HAC-P-AGGXA,ニンテンドー ゲームキューブ コントローラ スマブラブラック 接続タップ セット商品 クリスマス プレゼント 玩具 おもちゃ,風量3段階調整機能 2WAY羽根無し扇風機 専用卓上スタンド付き 羽がない 羽のない扇風機 ハンディファン USB充電 風量3段階 充電 ケーブル付属 【色/パープル】
「バーミキュラ」でパンを焼く パリパリ、しっとり、失敗知らず,,「1年間品質保証付き」キーボード ゲーミングキーボード メカニカルキーボード 青軸 全鍵104キー防衝突 バックライト搭載 1680万色18種RGB発光モード カスタマイズ可能　キー10000万使用寿命 USB有線,新品/送料無料 Nintendo Switch 本体 (ニンテンドースイッチ) Joy-Con(L)/(R) グレー(バッテリー持続時間が長くなったモデル),【送料無料】大乱闘 スマッシュ ブラザーズ for ニンテンドー 3DS - 3DS,◎【送料無料・新品】（ブルー）冷暖両用スリム扇風機+ヒーター リビング扇風機 羽なし扇風機 電気ファンヒーター 機能 転倒オフ 自動首振り タイマー機能 省エネ 冷暖兼用 リモコン MYR
「バーミキュラ」でパンを焼く パリパリ、しっとり、失敗知らず,,エレコム ワイヤレス プレミアム メンブレンキーボード 無線 ワイヤレス 2.4GHz TK-FDM088TBK,【送料無料・即日出荷】Nintendo Switch 大乱闘スマッシュブラザーズ SPECIAL スマブラ 050883,【任天堂純正品】ニンテンドー ゲームキューブ コントローラ スマブラブラック,【ポイント5倍】ダイソン 羽根なし扇風機 AM07DCBN タワーファン [ブラック/ニッケル] [タイプ：羽根なし扇風機 モーター種類：DCモーター] 【楽天】 【人気】 【売れ筋】【価格】
「バーミキュラ」でパンを焼く パリパリ、しっとり、失敗知らず,,キーボード Bluetooth ワイヤレス 静音設計 無線 iOS Android Mac Windows EGBOARD,【4点セット】バッテリー時間が長くなったNintendo Switch 本体＋スーパーマリオオデッセイセット！[本体]+[ソフト]+[充電グリップ]+[ケース]※後払い不可※任天堂スイッチ本体新型,64 ニンテンドー64 本体 すぐ遊べるセット ソフト付き(スマブラ64) グレーコントローラー2点 Nintendo64 【中古】送料無料,羽根なし扇風機　　USB扇風機　ブレードレスファン　ハンディファン 携帯 扇風機 ミニ扇風機 充電式 手持ち 節電 ファン無し 子供が触っても安心 コンパクト リビング扇風機 空気ファ
【新品】【本】「バーミキュラ」でパンを焼く　パリパリ、しっとり、失敗知らず　高橋雅子/著,,タイムリー TM-UKEY108BK 有線キーボード 日本語108キー,液晶保護フィルム付 Nintendo Switch ハードケース Nintendo Switch Lite ケース ニンテンドースイッチ 収納カバー 任天堂 スイッチライト ポーチ EVAポーチ ゲームカード最大8枚収納可 キャリングケース ストラップ付 耐衝撃 気泡ゼロ 指紋防止 送料無料,【コントローラ2個＋接続タップ1個セット】ゲームキューブ コントローラ 互換品 Switch/WiiU対応,【送料無料】 最新型!! 羽根がない首掛け扇風機 ノーウィングファン ホワイト ハンズフリー 3段階風量調整 USB充電式 RS-E1218 羽なし扇風機 羽根なし扇風機
「バーミキュラ」でパンを焼く　パリパリ、しっとり、失敗知らず／高橋雅子／レシピ【合計3000円以上で送料無料】,,バッファロー 有線キーボード　　スタンダード　BSKBU14シリーズ　スリム（102キー） BSKBU14BK　（ブラック）,【即納★新品】NSW Nintendo Switch ACアダプター,nesta bran NESTA BRAND ネスタTシャツ NESTA BRAND ネスタブランドTシャツ ネスタライオン フロント貼り付け刺繍T 長袖Tシャツ アームプリント,【中古】3つのブリーズモード、ポータブル静かな羽根無し扇風機、部屋、静かで省スペースのための冷却ファンリモコン付きタワーファン (Color : Gold)
ジャン＝フランソワ・ミレー パンを焼く女 F30サイズ F30号 910x727mm 送料無料　 額縁付絵画 インテリア 額入り 壁掛け複製油絵ジャン＝フランソワ・ミレー,,エレコム フルキーボード ワイヤレス マウス付き TK-FDM063BK ブラック(1個)【エレコム(ELECOM)】,Nintendo Switch 修理 スイッチ ジョイコン スティック 修理 【003】joy-con 修理 switch 修理パーツ スイッチ ジョイコン 修理セット ニンテンドー スイッチ 修理キット スティック2点セット ジョイコンカバー ジョイコン ケース,【新品】switch 大乱闘スマッシュブラザーズスペシャル　パッケージ版,【中古】羽なし扇風機 羽根無し扇風機ポータブル静かなエアーマルチプライヤータワーフロア立ち冷却ファン - リモコン付きプレミアムブレードレスファン
,,【選ばれて安心No.1!】 余裕の強力性能ならコレ! デスクトップパソコン 中古 マニュアル付 初期設定不要！すぐ使える！ SSD 480GB 8GB Corei5 パソコン 大画面23型液晶 DELL OptiPlex シリーズ Windows10 Office付き 中古デスクトップ 中古PC,新品/送料無料 あつまれ どうぶつの森 任天堂スイッチ Nintendo Switch,大乱闘スマッシュブラザーズX - Wii,【中古】扇風機 タワーファン スリム羽根無し扇風機タイマー付 扇風機スリムタワーファン リモコン付きリングナイトライト 7.5Hタイミング 速冷 タイマー
,,YAMAHA 電子キーボード　piaggero（ピアジェーロ）（61鍵盤／ブラック） NP‐12B,太鼓の達人 Nintendo Switchば〜じょん! 送料無料 【SK08324】,,ダイソン 羽根なし扇風機 Dyson Pure Cool Link テーブルファン DP03WS [ホワイト/シルバー] [タイプ：羽根なし扇風機] 【楽天】 【人気】 【売れ筋】【価格】
,,STARABA ゲーミングキーボードマウスセット 防水 有線 メンブレン　英字配列 虹色 イルミネーション 19キー防衝突 キーボード　マルチメディア,任天堂 SWITCHゲームソフト 大乱闘スマッシュブラザーズ　SPECIAL,,【ポイント5倍】ダイソン 羽根なし扇風機 AM06DC30WS テーブルファン 300mm [ホワイト/シルバー] [タイプ：羽根なし扇風機 モーター種類：DCモーター] 【楽天】 【人気】 【売れ筋】【価格】
,,タイムリー 有線キーボード＆マウス（日本語108キー・ブラック／2ボタン） TM−UKEY108BKMSET,ルイージマンション3 Nintendo Switch　HAC-P-AG3JA,,
,,エレコム TK-FDP099TBK 無線薄型コンパクトキーボード,Nintendo Switch スイッチ 4台同時充電 ジョイコン 充電ドック 充電スタンド Joy-Con コントローラー 充電 充電器 任天堂 ニンテンドー【送料無料】ポイント消化,,
,,Bluetoothキーボード スリム 薄型 英字配列 ワイヤレス キーボード 技術基準適合品(技適あり) Android iOS Mac Windows,Nintendo Switch スイッチ スタンド 6段階 角度調整 コンパクト 折り畳み 立てかけ 角度 調整 充電 便利 任天堂 ゲーム 周辺機器 非正規品 寝ながら スマホ 任天堂,,
